#! /opt/homebrew/Cellar/icarus-verilog/13.0/bin/vvp
:ivl_version "13.0 (stable)" "(v13_0)";
:ivl_delay_selection "TYPICAL";
:vpi_time_precision - 12;
:vpi_module "/opt/homebrew/Cellar/icarus-verilog/13.0/lib/ivl/system.vpi";
:vpi_module "/opt/homebrew/Cellar/icarus-verilog/13.0/lib/ivl/vhdl_sys.vpi";
:vpi_module "/opt/homebrew/Cellar/icarus-verilog/13.0/lib/ivl/vhdl_textio.vpi";
:vpi_module "/opt/homebrew/Cellar/icarus-verilog/13.0/lib/ivl/v2005_math.vpi";
:vpi_module "/opt/homebrew/Cellar/icarus-verilog/13.0/lib/ivl/va_math.vpi";
:vpi_module "/opt/homebrew/Cellar/icarus-verilog/13.0/lib/ivl/v2009.vpi";
S_0x1010f4a90 .scope package, "$unit" "$unit" 2 1;
 .timescale 0 0;
S_0x1010f4c10 .scope module, "testbench" "testbench" 3 8;
 .timescale -9 -12;
v0xb0c53b980_0 .var "clk", 0 0;
v0xb0c53ba20_0 .var/i "errors", 31 0;
v0xb0c53bac0 .array "expected", 31 0, 31 0;
v0xb0c53bb60_0 .var/i "i", 31 0;
v0xb0c53bc00_0 .var "rst", 0 0;
S_0x101103d90 .scope module, "uut" "cpu_pipe" 3 13, 4 1 0, S_0x1010f4c10;
 .timescale -9 -12;
    .port_info 0 /INPUT 1 "clk";
    .port_info 1 /INPUT 1 "rst";
P_0x101103710 .param/l "B_type" 1 4 5, C4<011>;
P_0x101103750 .param/l "INUM" 1 4 8, +C4<00000000000000000000000100000000>;
P_0x101103790 .param/l "I_type" 1 4 3, C4<001>;
P_0x1011037d0 .param/l "J_type" 1 4 7, C4<101>;
P_0x101103810 .param/l "R_type" 1 4 2, C4<000>;
P_0x101103850 .param/l "S_type" 1 4 4, C4<010>;
P_0x101103890 .param/l "U_type" 1 4 6, C4<100>;
L_0xb0d4527d0 .functor AND 1, v0xb0c510780_0, L_0xb0c4acb40, C4<1>, C4<1>;
L_0xb0d452d10 .functor AND 1, L_0xb0d4527d0, L_0xb0c4acbe0, C4<1>, C4<1>;
L_0xb0d452d80 .functor AND 1, v0xb0c510780_0, L_0xb0c4acc80, C4<1>, C4<1>;
L_0xb0d4528b0 .functor AND 1, L_0xb0d452d80, L_0xb0c4acd20, C4<1>, C4<1>;
L_0xb0d453170 .functor OR 1, L_0xb0d41f950, L_0xb0d4531e0, C4<0>, C4<0>;
L_0xb0d41f9c0 .functor BUFZ 32, v0xb0c5388c0_0, C4<00000000000000000000000000000000>, C4<00000000000000000000000000000000>, C4<00000000000000000000000000000000>;
L_0xb0d41faa0 .functor BUFZ 1, v0xb0c4b32a0_0, C4<0>, C4<0>, C4<0>;
L_0xb0d4531e0 .functor OR 1, v0xb0c538e60_0, L_0xb0d41faa0, C4<0>, C4<0>;
v0xb0c5138e0_0 .net "ALUb_ex", 0 0, v0xb0c4b2620_0;  1 drivers
v0xb0c513980_0 .net "ALUb_id", 0 0, L_0xb0c540140;  1 drivers
v0xb0c513a20_0 .net "ALUorMem_ex", 0 0, v0xb0c4b2760_0;  1 drivers
v0xb0c513ac0_0 .net "ALUorMem_id", 0 0, L_0xb0d41f800;  1 drivers
v0xb0c513b60_0 .net "ALUorMem_mem", 0 0, v0xb0c4b06e0_0;  1 drivers
v0xb0c513c00_0 .net "ALUorMem_wb", 0 0, v0xb0c510640_0;  1 drivers
v0xb0c513ca0_0 .net "RegWrite_ex", 0 0, v0xb0c4b28a0_0;  1 drivers
v0xb0c513d40_0 .net "RegWrite_id", 0 0, L_0xb0c5401e0;  1 drivers
v0xb0c513de0_0 .net "RegWrite_mem", 0 0, v0xb0c4b0820_0;  1 drivers
v0xb0c513e80_0 .net "WriteMem_ex", 0 0, v0xb0c4b29e0_0;  1 drivers
v0xb0c513f20_0 .net "WriteMem_id", 0 0, L_0xb0c4acaa0;  1 drivers
v0xb0c538000_0 .net "WriteMem_mem", 0 0, v0xb0c4b0960_0;  1 drivers
L_0xb0c884010 .functor BUFT 1, C4<00000000000000000000000000000100>, C4<0>, C4<0>, C4<0>;
v0xb0c5380a0_0 .net/2u *"_ivl_0", 31 0, L_0xb0c884010;  1 drivers
L_0xb0c8841c0 .functor BUFT 1, C4<00000>, C4<0>, C4<0>, C4<0>;
v0xb0c538140_0 .net/2u *"_ivl_12", 4 0, L_0xb0c8841c0;  1 drivers
v0xb0c5381e0_0 .net *"_ivl_14", 0 0, L_0xb0c4acb40;  1 drivers
v0xb0c538280_0 .net *"_ivl_17", 0 0, L_0xb0d4527d0;  1 drivers
v0xb0c538320_0 .net *"_ivl_18", 0 0, L_0xb0c4acbe0;  1 drivers
v0xb0c5383c0_0 .net *"_ivl_21", 0 0, L_0xb0d452d10;  1 drivers
L_0xb0c884208 .functor BUFT 1, C4<00000>, C4<0>, C4<0>, C4<0>;
v0xb0c538460_0 .net/2u *"_ivl_24", 4 0, L_0xb0c884208;  1 drivers
v0xb0c538500_0 .net *"_ivl_26", 0 0, L_0xb0c4acc80;  1 drivers
v0xb0c5385a0_0 .net *"_ivl_29", 0 0, L_0xb0d452d80;  1 drivers
v0xb0c538640_0 .net *"_ivl_30", 0 0, L_0xb0c4acd20;  1 drivers
v0xb0c5386e0_0 .net *"_ivl_33", 0 0, L_0xb0d4528b0;  1 drivers
v0xb0c538780_0 .var "alu_a", 31 0;
v0xb0c538820_0 .var "alu_b", 31 0;
v0xb0c5388c0_0 .var "alu_b_pre_imm_mux", 31 0;
v0xb0c538960_0 .net "alu_c_ex", 31 0, v0xb0c5117c0_0;  1 drivers
v0xb0c538a00_0 .net "alu_out_wb", 31 0, v0xb0c5108c0_0;  1 drivers
v0xb0c538aa0_0 .net "alu_sel_ex", 3 0, v0xb0c4b2b20_0;  1 drivers
v0xb0c538b40_0 .net "alu_sel_id", 3 0, v0xb0c5121c0_0;  1 drivers
v0xb0c538be0_0 .net "auipc_ex", 0 0, v0xb0c4b2c60_0;  1 drivers
v0xb0c538c80_0 .net "auipc_id", 0 0, v0xb0c512260_0;  1 drivers
v0xb0c538d20_0 .net "auipc_mem", 0 0, v0xb0c4b0be0_0;  1 drivers
v0xb0c538dc0_0 .net "auipc_wb", 0 0, v0xb0c510a00_0;  1 drivers
v0xb0c538e60_0 .var "branch_cond_ex", 0 0;
v0xb0c538f00_0 .net "branch_taken", 0 0, v0xb0c538e60_0;  1 drivers
v0xb0c538fa0_0 .net "clk", 0 0, v0xb0c53b980_0;  1 drivers
v0xb0c539040_0 .net "data_mem_out", 31 0, v0xb0c5129e0_0;  1 drivers
v0xb0c5390e0_0 .net "ex_branch_target", 31 0, L_0xb0d4415e0;  1 drivers
v0xb0c539180_0 .net "ex_jalr_taken", 0 0, L_0xb0d41faa0;  1 drivers
v0xb0c539220_0 .net "ex_jalr_target", 31 0, L_0xb0d441680;  1 drivers
v0xb0c5392c0_0 .net "ex_mem_alu_out", 31 0, v0xb0c4b0aa0_0;  1 drivers
v0xb0c539360_0 .net "forwardA", 1 0, v0xb0c4b1900_0;  1 drivers
v0xb0c539400_0 .net "forwardB", 1 0, v0xb0c4b19a0_0;  1 drivers
v0xb0c5394a0_0 .net "funct3_ex", 2 0, v0xb0c4b2ee0_0;  1 drivers
v0xb0c539540_0 .net "funct3_id", 2 0, L_0xb0c5400a0;  1 drivers
v0xb0c5395e0_0 .net "id_ex_flush_hazard", 0 0, L_0xb0d41f950;  1 drivers
v0xb0c539680_0 .net "if_id_stall", 0 0, L_0xb0d41f8e0;  1 drivers
v0xb0c539720_0 .net "immsext_ex", 31 0, v0xb0c4b3020_0;  1 drivers
v0xb0c5397c0_0 .net "immsext_id", 31 0, v0xb0c513700_0;  1 drivers
v0xb0c539860_0 .net "immsext_mem", 31 0, v0xb0c4b0dc0_0;  1 drivers
v0xb0c539900_0 .net "immsext_wb", 31 0, v0xb0c510be0_0;  1 drivers
v0xb0c5399a0_0 .net "inst_id", 31 0, v0xb0c510140_0;  1 drivers
v0xb0c539a40_0 .net "inst_if", 31 0, v0xb0c512d00_0;  1 drivers
v0xb0c539ae0_0 .net "instr_type_ex", 2 0, v0xb0c4b3160_0;  1 drivers
v0xb0c539b80_0 .net "instr_type_id", 2 0, v0xb0c5124e0_0;  1 drivers
v0xb0c539c20_0 .net "jalr_ex", 0 0, v0xb0c4b32a0_0;  1 drivers
v0xb0c539cc0_0 .net "jalr_id", 0 0, v0xb0c512580_0;  1 drivers
v0xb0c539d60_0 .net "jalr_mem", 0 0, v0xb0c4b0f00_0;  1 drivers
v0xb0c539e00_0 .net "jalr_wb", 0 0, v0xb0c510d20_0;  1 drivers
v0xb0c539ea0_0 .net "jump_ex", 0 0, v0xb0c4b33e0_0;  1 drivers
v0xb0c539f40_0 .net "jump_id", 0 0, v0xb0c512620_0;  1 drivers
v0xb0c539fe0_0 .net "jump_mem", 0 0, v0xb0c4b1040_0;  1 drivers
v0xb0c53a080_0 .net "jump_wb", 0 0, v0xb0c510e60_0;  1 drivers
v0xb0c53a120_0 .net "lui_ex", 0 0, v0xb0c4b3520_0;  1 drivers
v0xb0c53a1c0_0 .net "lui_id", 0 0, v0xb0c512760_0;  1 drivers
v0xb0c53a260_0 .net "lui_mem", 0 0, v0xb0c4b1180_0;  1 drivers
v0xb0c53a300_0 .net "lui_wb", 0 0, v0xb0c510fa0_0;  1 drivers
v0xb0c53a3a0_0 .net "mem_data_wb", 31 0, v0xb0c5110e0_0;  1 drivers
v0xb0c53a440_0 .net "pc_ex", 31 0, v0xb0c4b3660_0;  1 drivers
v0xb0c53a4e0_0 .net "pc_id", 31 0, v0xb0c510280_0;  1 drivers
v0xb0c53a580_0 .var "pc_in", 31 0;
v0xb0c53a620_0 .net "pc_out", 31 0, v0xb0c512f80_0;  1 drivers
v0xb0c53a6c0_0 .net "pc_plus4_ex", 31 0, v0xb0c4b37a0_0;  1 drivers
v0xb0c53a760_0 .net "pc_plus4_id", 31 0, v0xb0c5103c0_0;  1 drivers
v0xb0c53a800_0 .net "pc_plus4_if", 31 0, L_0xb0d441540;  1 drivers
v0xb0c53a8a0_0 .net "pc_plus4_mem", 31 0, v0xb0c4b12c0_0;  1 drivers
v0xb0c53a940_0 .net "pc_plus4_wb", 31 0, v0xb0c511220_0;  1 drivers
v0xb0c53a9e0_0 .net "pc_src_flush", 0 0, L_0xb0d4531e0;  1 drivers
v0xb0c53aa80_0 .net "pc_stall", 0 0, L_0xb0d41f870;  1 drivers
v0xb0c53ab20_0 .net "pc_target_ex", 31 0, L_0xb0d441720;  1 drivers
v0xb0c53abc0_0 .net "pc_target_mem", 31 0, v0xb0c4b1400_0;  1 drivers
v0xb0c53ac60_0 .net "pc_target_wb", 31 0, v0xb0c511360_0;  1 drivers
v0xb0c53ad00_0 .net "rd_ex", 4 0, v0xb0c4b38e0_0;  1 drivers
v0xb0c53ada0_0 .net "rd_id", 4 0, L_0xb0c53be80;  1 drivers
v0xb0c53ae40_0 .net "rd_mem", 4 0, v0xb0c4b1540_0;  1 drivers
v0xb0c53aee0_0 .net "readout1_ex", 31 0, v0xb0c4b3a20_0;  1 drivers
v0xb0c53af80_0 .net "readout1_id", 31 0, L_0xb0c540280;  1 drivers
v0xb0c53b020_0 .net "readout1_raw", 31 0, v0xb0c513200_0;  1 drivers
v0xb0c53b0c0_0 .net "readout2_ex", 31 0, v0xb0c4b3b60_0;  1 drivers
v0xb0c53b160_0 .net "readout2_id", 31 0, L_0xb0c540320;  1 drivers
v0xb0c53b200_0 .net "readout2_raw", 31 0, v0xb0c5132a0_0;  1 drivers
v0xb0c53b2a0_0 .net "rs1_ex", 4 0, v0xb0c4b3ca0_0;  1 drivers
v0xb0c53b340_0 .net "rs1_id", 4 0, L_0xb0c53bd40;  1 drivers
v0xb0c53b3e0_0 .net "rs2_ex", 4 0, v0xb0c4b3de0_0;  1 drivers
v0xb0c53b480_0 .net "rs2_id", 4 0, L_0xb0c53bde0;  1 drivers
v0xb0c53b520_0 .net "rst", 0 0, v0xb0c53bc00_0;  1 drivers
v0xb0c53b5c0_0 .net "store_data_ex", 31 0, L_0xb0d41f9c0;  1 drivers
v0xb0c53b660_0 .net "store_data_mem", 31 0, v0xb0c4b1720_0;  1 drivers
v0xb0c53b700_0 .net "wb_RegWrite", 0 0, v0xb0c510780_0;  1 drivers
v0xb0c53b7a0_0 .net "wb_rd", 4 0, v0xb0c5114a0_0;  1 drivers
v0xb0c53b840_0 .net "wb_write_data", 31 0, v0xb0c53b8e0_0;  1 drivers
v0xb0c53b8e0_0 .var "wb_write_data_r", 31 0;
E_0xb0d4dddc0/0 .event anyedge, v0xb0c510fa0_0, v0xb0c510be0_0, v0xb0c510a00_0, v0xb0c511360_0;
E_0xb0d4dddc0/1 .event anyedge, v0xb0c510e60_0, v0xb0c510d20_0, v0xb0c511220_0, v0xb0c510640_0;
E_0xb0d4dddc0/2 .event anyedge, v0xb0c5110e0_0, v0xb0c5108c0_0;
E_0xb0d4dddc0 .event/or E_0xb0d4dddc0/0, E_0xb0d4dddc0/1, E_0xb0d4dddc0/2;
E_0xb0d4dde00 .event anyedge, v0xb0c4b3160_0, v0xb0c4b2ee0_0, v0xb0c4b0a00_0;
E_0xb0d4dde40/0 .event anyedge, v0xb0c4b1900_0, v0xb0c4b0aa0_0, v0xb0c513480_0, v0xb0c4b3a20_0;
E_0xb0d4dde40/1 .event anyedge, v0xb0c4b19a0_0, v0xb0c4b3b60_0, v0xb0c4b2620_0, v0xb0c5388c0_0;
E_0xb0d4dde40/2 .event anyedge, v0xb0c4b0d20_0;
E_0xb0d4dde40 .event/or E_0xb0d4dde40/0, E_0xb0d4dde40/1, E_0xb0d4dde40/2;
E_0xb0d4dde80/0 .event anyedge, v0xb0c4b24e0_0, v0xb0c5101e0_0, v0xb0c538f00_0, v0xb0c5390e0_0;
E_0xb0d4dde80/1 .event anyedge, v0xb0c539180_0, v0xb0c539220_0;
E_0xb0d4dde80 .event/or E_0xb0d4dde80/0, E_0xb0d4dde80/1;
L_0xb0d441540 .arith/sum 32, v0xb0c512f80_0, L_0xb0c884010;
L_0xb0c53bca0 .part v0xb0c512f80_0, 2, 8;
L_0xb0c53bd40 .part v0xb0c510140_0, 15, 5;
L_0xb0c53bde0 .part v0xb0c510140_0, 20, 5;
L_0xb0c53be80 .part v0xb0c510140_0, 7, 5;
L_0xb0c4acb40 .cmp/ne 5, v0xb0c5114a0_0, L_0xb0c8841c0;
L_0xb0c4acbe0 .cmp/eq 5, v0xb0c5114a0_0, L_0xb0c53bd40;
L_0xb0c540280 .functor MUXZ 32, v0xb0c513200_0, v0xb0c53b8e0_0, L_0xb0d452d10, C4<>;
L_0xb0c4acc80 .cmp/ne 5, v0xb0c5114a0_0, L_0xb0c884208;
L_0xb0c4acd20 .cmp/eq 5, v0xb0c5114a0_0, L_0xb0c53bde0;
L_0xb0c540320 .functor MUXZ 32, v0xb0c5132a0_0, v0xb0c53b8e0_0, L_0xb0d4528b0, C4<>;
L_0xb0d4415e0 .arith/sum 32, v0xb0c4b3660_0, v0xb0c4b3020_0;
L_0xb0d441680 .arith/sum 32, v0xb0c538780_0, v0xb0c4b3020_0;
L_0xb0d441720 .arith/sum 32, v0xb0c4b3660_0, v0xb0c4b3020_0;
S_0x101103310 .scope module, "EXMEM" "ex_mem_reg" 4 231, 5 1 0, S_0x101103d90;
 .timescale -9 -12;
    .port_info 0 /INPUT 1 "clk";
    .port_info 1 /INPUT 1 "rst";
    .port_info 2 /INPUT 32 "pc_plus4_in";
    .port_info 3 /INPUT 32 "alu_out_in";
    .port_info 4 /INPUT 32 "store_data_in";
    .port_info 5 /INPUT 32 "pc_target_in";
    .port_info 6 /INPUT 32 "immsext_in";
    .port_info 7 /INPUT 5 "rd_in";
    .port_info 8 /INPUT 1 "RegWrite_in";
    .port_info 9 /INPUT 1 "ALUorMem_in";
    .port_info 10 /INPUT 1 "WriteMem_in";
    .port_info 11 /INPUT 1 "jalr_in";
    .port_info 12 /INPUT 1 "lui_in";
    .port_info 13 /INPUT 1 "auipc_in";
    .port_info 14 /INPUT 1 "jump_in";
    .port_info 15 /OUTPUT 32 "pc_plus4_out";
    .port_info 16 /OUTPUT 32 "alu_out_out";
    .port_info 17 /OUTPUT 32 "store_data_out";
    .port_info 18 /OUTPUT 32 "pc_target_out";
    .port_info 19 /OUTPUT 32 "immsext_out";
    .port_info 20 /OUTPUT 5 "rd_out";
    .port_info 21 /OUTPUT 1 "RegWrite_out";
    .port_info 22 /OUTPUT 1 "ALUorMem_out";
    .port_info 23 /OUTPUT 1 "WriteMem_out";
    .port_info 24 /OUTPUT 1 "jalr_out";
    .port_info 25 /OUTPUT 1 "lui_out";
    .port_info 26 /OUTPUT 1 "auipc_out";
    .port_info 27 /OUTPUT 1 "jump_out";
v0xb0c4b0640_0 .net "ALUorMem_in", 0 0, v0xb0c4b2760_0;  alias, 1 drivers
v0xb0c4b06e0_0 .var "ALUorMem_out", 0 0;
v0xb0c4b0780_0 .net "RegWrite_in", 0 0, v0xb0c4b28a0_0;  alias, 1 drivers
v0xb0c4b0820_0 .var "RegWrite_out", 0 0;
v0xb0c4b08c0_0 .net "WriteMem_in", 0 0, v0xb0c4b29e0_0;  alias, 1 drivers
v0xb0c4b0960_0 .var "WriteMem_out", 0 0;
v0xb0c4b0a00_0 .net "alu_out_in", 31 0, v0xb0c5117c0_0;  alias, 1 drivers
v0xb0c4b0aa0_0 .var "alu_out_out", 31 0;
v0xb0c4b0b40_0 .net "auipc_in", 0 0, v0xb0c4b2c60_0;  alias, 1 drivers
v0xb0c4b0be0_0 .var "auipc_out", 0 0;
v0xb0c4b0c80_0 .net "clk", 0 0, v0xb0c53b980_0;  alias, 1 drivers
v0xb0c4b0d20_0 .net "immsext_in", 31 0, v0xb0c4b3020_0;  alias, 1 drivers
v0xb0c4b0dc0_0 .var "immsext_out", 31 0;
v0xb0c4b0e60_0 .net "jalr_in", 0 0, v0xb0c4b32a0_0;  alias, 1 drivers
v0xb0c4b0f00_0 .var "jalr_out", 0 0;
v0xb0c4b0fa0_0 .net "jump_in", 0 0, v0xb0c4b33e0_0;  alias, 1 drivers
v0xb0c4b1040_0 .var "jump_out", 0 0;
v0xb0c4b10e0_0 .net "lui_in", 0 0, v0xb0c4b3520_0;  alias, 1 drivers
v0xb0c4b1180_0 .var "lui_out", 0 0;
v0xb0c4b1220_0 .net "pc_plus4_in", 31 0, v0xb0c4b37a0_0;  alias, 1 drivers
v0xb0c4b12c0_0 .var "pc_plus4_out", 31 0;
v0xb0c4b1360_0 .net "pc_target_in", 31 0, L_0xb0d441720;  alias, 1 drivers
v0xb0c4b1400_0 .var "pc_target_out", 31 0;
v0xb0c4b14a0_0 .net "rd_in", 4 0, v0xb0c4b38e0_0;  alias, 1 drivers
v0xb0c4b1540_0 .var "rd_out", 4 0;
v0xb0c4b15e0_0 .net "rst", 0 0, v0xb0c53bc00_0;  alias, 1 drivers
v0xb0c4b1680_0 .net "store_data_in", 31 0, L_0xb0d41f9c0;  alias, 1 drivers
v0xb0c4b1720_0 .var "store_data_out", 31 0;
E_0xb0d4ddec0 .event posedge, v0xb0c4b0c80_0;
S_0x101103490 .scope module, "FWD" "forwarding_unit" 4 163, 6 1 0, S_0x101103d90;
 .timescale -9 -12;
    .port_info 0 /INPUT 5 "id_ex_rs1";
    .port_info 1 /INPUT 5 "id_ex_rs2";
    .port_info 2 /INPUT 5 "ex_mem_rd";
    .port_info 3 /INPUT 1 "ex_mem_RegWrite";
    .port_info 4 /INPUT 5 "mem_wb_rd";
    .port_info 5 /INPUT 1 "mem_wb_RegWrite";
    .port_info 6 /OUTPUT 2 "forwardA";
    .port_info 7 /OUTPUT 2 "forwardB";
v0xb0c4b17c0_0 .net "ex_mem_RegWrite", 0 0, v0xb0c4b0820_0;  alias, 1 drivers
v0xb0c4b1860_0 .net "ex_mem_rd", 4 0, v0xb0c4b1540_0;  alias, 1 drivers
v0xb0c4b1900_0 .var "forwardA", 1 0;
v0xb0c4b19a0_0 .var "forwardB", 1 0;
v0xb0c4b1a40_0 .net "id_ex_rs1", 4 0, v0xb0c4b3ca0_0;  alias, 1 drivers
v0xb0c4b1ae0_0 .net "id_ex_rs2", 4 0, v0xb0c4b3de0_0;  alias, 1 drivers
v0xb0c4b1b80_0 .net "mem_wb_RegWrite", 0 0, v0xb0c510780_0;  alias, 1 drivers
v0xb0c4b1c20_0 .net "mem_wb_rd", 4 0, v0xb0c5114a0_0;  alias, 1 drivers
E_0xb0d4ddf00/0 .event anyedge, v0xb0c4b0820_0, v0xb0c4b1540_0, v0xb0c4b1a40_0, v0xb0c4b1b80_0;
E_0xb0d4ddf00/1 .event anyedge, v0xb0c4b1c20_0, v0xb0c4b1ae0_0;
E_0xb0d4ddf00 .event/or E_0xb0d4ddf00/0, E_0xb0d4ddf00/1;
S_0xb0c50c000 .scope module, "HDU" "hazard_detection_unit" 4 121, 7 1 0, S_0x101103d90;
 .timescale -9 -12;
    .port_info 0 /INPUT 5 "id_ex_rd";
    .port_info 1 /INPUT 1 "id_ex_ALUorMem";
    .port_info 2 /INPUT 5 "if_id_rs1";
    .port_info 3 /INPUT 5 "if_id_rs2";
    .port_info 4 /OUTPUT 1 "pc_stall";
    .port_info 5 /OUTPUT 1 "if_id_stall";
    .port_info 6 /OUTPUT 1 "id_ex_flush";
L_0xb0d452ae0 .functor AND 1, v0xb0c4b2760_0, L_0xb0c4acdc0, C4<1>, C4<1>;
L_0xb0d453090 .functor OR 1, L_0xb0c4ace60, L_0xb0c4acf00, C4<0>, C4<0>;
L_0xb0d453100 .functor AND 1, L_0xb0d452ae0, L_0xb0d453090, C4<1>, C4<1>;
L_0xb0d41f870 .functor BUFZ 1, L_0xb0d453100, C4<0>, C4<0>, C4<0>;
L_0xb0d41f8e0 .functor BUFZ 1, L_0xb0d453100, C4<0>, C4<0>, C4<0>;
L_0xb0d41f950 .functor BUFZ 1, L_0xb0d453100, C4<0>, C4<0>, C4<0>;
L_0xb0c884250 .functor BUFT 1, C4<00000>, C4<0>, C4<0>, C4<0>;
v0xb0c4b1cc0_0 .net/2u *"_ivl_0", 4 0, L_0xb0c884250;  1 drivers
v0xb0c4b1d60_0 .net *"_ivl_11", 0 0, L_0xb0d453090;  1 drivers
v0xb0c4b1e00_0 .net *"_ivl_2", 0 0, L_0xb0c4acdc0;  1 drivers
v0xb0c4b1ea0_0 .net *"_ivl_5", 0 0, L_0xb0d452ae0;  1 drivers
v0xb0c4b1f40_0 .net *"_ivl_6", 0 0, L_0xb0c4ace60;  1 drivers
v0xb0c4b1fe0_0 .net *"_ivl_8", 0 0, L_0xb0c4acf00;  1 drivers
v0xb0c4b2080_0 .net "hazard", 0 0, L_0xb0d453100;  1 drivers
v0xb0c4b2120_0 .net "id_ex_ALUorMem", 0 0, v0xb0c4b2760_0;  alias, 1 drivers
v0xb0c4b21c0_0 .net "id_ex_flush", 0 0, L_0xb0d41f950;  alias, 1 drivers
v0xb0c4b2260_0 .net "id_ex_rd", 4 0, v0xb0c4b38e0_0;  alias, 1 drivers
v0xb0c4b2300_0 .net "if_id_rs1", 4 0, L_0xb0c53bd40;  alias, 1 drivers
v0xb0c4b23a0_0 .net "if_id_rs2", 4 0, L_0xb0c53bde0;  alias, 1 drivers
v0xb0c4b2440_0 .net "if_id_stall", 0 0, L_0xb0d41f8e0;  alias, 1 drivers
v0xb0c4b24e0_0 .net "pc_stall", 0 0, L_0xb0d41f870;  alias, 1 drivers
L_0xb0c4acdc0 .cmp/ne 5, v0xb0c4b38e0_0, L_0xb0c884250;
L_0xb0c4ace60 .cmp/eq 5, v0xb0c4b38e0_0, L_0xb0c53bd40;
L_0xb0c4acf00 .cmp/eq 5, v0xb0c4b38e0_0, L_0xb0c53bde0;
S_0xb0c50c180 .scope module, "IDEX" "id_ex_reg" 4 136, 8 1 0, S_0x101103d90;
 .timescale -9 -12;
    .port_info 0 /INPUT 1 "clk";
    .port_info 1 /INPUT 1 "rst";
    .port_info 2 /INPUT 1 "flush";
    .port_info 3 /INPUT 32 "pc_in";
    .port_info 4 /INPUT 32 "pc_plus4_in";
    .port_info 5 /INPUT 32 "readout1_in";
    .port_info 6 /INPUT 32 "readout2_in";
    .port_info 7 /INPUT 32 "immsext_in";
    .port_info 8 /INPUT 5 "rs1_in";
    .port_info 9 /INPUT 5 "rs2_in";
    .port_info 10 /INPUT 5 "rd_in";
    .port_info 11 /INPUT 4 "alu_sel_in";
    .port_info 12 /INPUT 3 "instr_type_in";
    .port_info 13 /INPUT 3 "funct3_in";
    .port_info 14 /INPUT 1 "ALUb_in";
    .port_info 15 /INPUT 1 "RegWrite_in";
    .port_info 16 /INPUT 1 "ALUorMem_in";
    .port_info 17 /INPUT 1 "WriteMem_in";
    .port_info 18 /INPUT 1 "jalr_in";
    .port_info 19 /INPUT 1 "lui_in";
    .port_info 20 /INPUT 1 "auipc_in";
    .port_info 21 /INPUT 1 "jump_in";
    .port_info 22 /OUTPUT 32 "pc_out";
    .port_info 23 /OUTPUT 32 "pc_plus4_out";
    .port_info 24 /OUTPUT 32 "readout1_out";
    .port_info 25 /OUTPUT 32 "readout2_out";
    .port_info 26 /OUTPUT 32 "immsext_out";
    .port_info 27 /OUTPUT 5 "rs1_out";
    .port_info 28 /OUTPUT 5 "rs2_out";
    .port_info 29 /OUTPUT 5 "rd_out";
    .port_info 30 /OUTPUT 4 "alu_sel_out";
    .port_info 31 /OUTPUT 3 "instr_type_out";
    .port_info 32 /OUTPUT 3 "funct3_out";
    .port_info 33 /OUTPUT 1 "ALUb_out";
    .port_info 34 /OUTPUT 1 "RegWrite_out";
    .port_info 35 /OUTPUT 1 "ALUorMem_out";
    .port_info 36 /OUTPUT 1 "WriteMem_out";
    .port_info 37 /OUTPUT 1 "jalr_out";
    .port_info 38 /OUTPUT 1 "lui_out";
    .port_info 39 /OUTPUT 1 "auipc_out";
    .port_info 40 /OUTPUT 1 "jump_out";
v0xb0c4b2580_0 .net "ALUb_in", 0 0, L_0xb0c540140;  alias, 1 drivers
v0xb0c4b2620_0 .var "ALUb_out", 0 0;
v0xb0c4b26c0_0 .net "ALUorMem_in", 0 0, L_0xb0d41f800;  alias, 1 drivers
v0xb0c4b2760_0 .var "ALUorMem_out", 0 0;
v0xb0c4b2800_0 .net "RegWrite_in", 0 0, L_0xb0c5401e0;  alias, 1 drivers
v0xb0c4b28a0_0 .var "RegWrite_out", 0 0;
v0xb0c4b2940_0 .net "WriteMem_in", 0 0, L_0xb0c4acaa0;  alias, 1 drivers
v0xb0c4b29e0_0 .var "WriteMem_out", 0 0;
v0xb0c4b2a80_0 .net "alu_sel_in", 3 0, v0xb0c5121c0_0;  alias, 1 drivers
v0xb0c4b2b20_0 .var "alu_sel_out", 3 0;
v0xb0c4b2bc0_0 .net "auipc_in", 0 0, v0xb0c512260_0;  alias, 1 drivers
v0xb0c4b2c60_0 .var "auipc_out", 0 0;
v0xb0c4b2d00_0 .net "clk", 0 0, v0xb0c53b980_0;  alias, 1 drivers
v0xb0c4b2da0_0 .net "flush", 0 0, L_0xb0d453170;  1 drivers
v0xb0c4b2e40_0 .net "funct3_in", 2 0, L_0xb0c5400a0;  alias, 1 drivers
v0xb0c4b2ee0_0 .var "funct3_out", 2 0;
v0xb0c4b2f80_0 .net "immsext_in", 31 0, v0xb0c513700_0;  alias, 1 drivers
v0xb0c4b3020_0 .var "immsext_out", 31 0;
v0xb0c4b30c0_0 .net "instr_type_in", 2 0, v0xb0c5124e0_0;  alias, 1 drivers
v0xb0c4b3160_0 .var "instr_type_out", 2 0;
v0xb0c4b3200_0 .net "jalr_in", 0 0, v0xb0c512580_0;  alias, 1 drivers
v0xb0c4b32a0_0 .var "jalr_out", 0 0;
v0xb0c4b3340_0 .net "jump_in", 0 0, v0xb0c512620_0;  alias, 1 drivers
v0xb0c4b33e0_0 .var "jump_out", 0 0;
v0xb0c4b3480_0 .net "lui_in", 0 0, v0xb0c512760_0;  alias, 1 drivers
v0xb0c4b3520_0 .var "lui_out", 0 0;
v0xb0c4b35c0_0 .net "pc_in", 31 0, v0xb0c510280_0;  alias, 1 drivers
v0xb0c4b3660_0 .var "pc_out", 31 0;
v0xb0c4b3700_0 .net "pc_plus4_in", 31 0, v0xb0c5103c0_0;  alias, 1 drivers
v0xb0c4b37a0_0 .var "pc_plus4_out", 31 0;
v0xb0c4b3840_0 .net "rd_in", 4 0, L_0xb0c53be80;  alias, 1 drivers
v0xb0c4b38e0_0 .var "rd_out", 4 0;
v0xb0c4b3980_0 .net "readout1_in", 31 0, L_0xb0c540280;  alias, 1 drivers
v0xb0c4b3a20_0 .var "readout1_out", 31 0;
v0xb0c4b3ac0_0 .net "readout2_in", 31 0, L_0xb0c540320;  alias, 1 drivers
v0xb0c4b3b60_0 .var "readout2_out", 31 0;
v0xb0c4b3c00_0 .net "rs1_in", 4 0, L_0xb0c53bd40;  alias, 1 drivers
v0xb0c4b3ca0_0 .var "rs1_out", 4 0;
v0xb0c4b3d40_0 .net "rs2_in", 4 0, L_0xb0c53bde0;  alias, 1 drivers
v0xb0c4b3de0_0 .var "rs2_out", 4 0;
v0xb0c4b3e80_0 .net "rst", 0 0, v0xb0c53bc00_0;  alias, 1 drivers
S_0xb0c50c480 .scope module, "IFID" "if_id_reg" 4 61, 9 1 0, S_0x101103d90;
 .timescale -9 -12;
    .port_info 0 /INPUT 1 "clk";
    .port_info 1 /INPUT 1 "rst";
    .port_info 2 /INPUT 1 "stall";
    .port_info 3 /INPUT 1 "flush";
    .port_info 4 /INPUT 32 "pc_in";
    .port_info 5 /INPUT 32 "pc_plus4_in";
    .port_info 6 /INPUT 32 "inst_in";
    .port_info 7 /OUTPUT 32 "pc_out";
    .port_info 8 /OUTPUT 32 "pc_plus4_out";
    .port_info 9 /OUTPUT 32 "inst_out";
v0xb0c4b3f20_0 .net "clk", 0 0, v0xb0c53b980_0;  alias, 1 drivers
v0xb0c510000_0 .net "flush", 0 0, L_0xb0d4531e0;  alias, 1 drivers
v0xb0c5100a0_0 .net "inst_in", 31 0, v0xb0c512d00_0;  alias, 1 drivers
v0xb0c510140_0 .var "inst_out", 31 0;
v0xb0c5101e0_0 .net "pc_in", 31 0, v0xb0c512f80_0;  alias, 1 drivers
v0xb0c510280_0 .var "pc_out", 31 0;
v0xb0c510320_0 .net "pc_plus4_in", 31 0, L_0xb0d441540;  alias, 1 drivers
v0xb0c5103c0_0 .var "pc_plus4_out", 31 0;
v0xb0c510460_0 .net "rst", 0 0, v0xb0c53bc00_0;  alias, 1 drivers
v0xb0c510500_0 .net "stall", 0 0, L_0xb0d41f8e0;  alias, 1 drivers
S_0xb0c50c600 .scope module, "MEMWB" "mem_wb_reg" 4 260, 10 1 0, S_0x101103d90;
 .timescale -9 -12;
    .port_info 0 /INPUT 1 "clk";
    .port_info 1 /INPUT 1 "rst";
    .port_info 2 /INPUT 32 "pc_plus4_in";
    .port_info 3 /INPUT 32 "alu_out_in";
    .port_info 4 /INPUT 32 "mem_data_in";
    .port_info 5 /INPUT 32 "pc_target_in";
    .port_info 6 /INPUT 32 "immsext_in";
    .port_info 7 /INPUT 5 "rd_in";
    .port_info 8 /INPUT 1 "RegWrite_in";
    .port_info 9 /INPUT 1 "ALUorMem_in";
    .port_info 10 /INPUT 1 "jalr_in";
    .port_info 11 /INPUT 1 "lui_in";
    .port_info 12 /INPUT 1 "auipc_in";
    .port_info 13 /INPUT 1 "jump_in";
    .port_info 14 /OUTPUT 32 "pc_plus4_out";
    .port_info 15 /OUTPUT 32 "alu_out_out";
    .port_info 16 /OUTPUT 32 "mem_data_out";
    .port_info 17 /OUTPUT 32 "pc_target_out";
    .port_info 18 /OUTPUT 32 "immsext_out";
    .port_info 19 /OUTPUT 5 "rd_out";
    .port_info 20 /OUTPUT 1 "RegWrite_out";
    .port_info 21 /OUTPUT 1 "ALUorMem_out";
    .port_info 22 /OUTPUT 1 "jalr_out";
    .port_info 23 /OUTPUT 1 "lui_out";
    .port_info 24 /OUTPUT 1 "auipc_out";
    .port_info 25 /OUTPUT 1 "jump_out";
v0xb0c5105a0_0 .net "ALUorMem_in", 0 0, v0xb0c4b06e0_0;  alias, 1 drivers
v0xb0c510640_0 .var "ALUorMem_out", 0 0;
v0xb0c5106e0_0 .net "RegWrite_in", 0 0, v0xb0c4b0820_0;  alias, 1 drivers
v0xb0c510780_0 .var "RegWrite_out", 0 0;
v0xb0c510820_0 .net "alu_out_in", 31 0, v0xb0c4b0aa0_0;  alias, 1 drivers
v0xb0c5108c0_0 .var "alu_out_out", 31 0;
v0xb0c510960_0 .net "auipc_in", 0 0, v0xb0c4b0be0_0;  alias, 1 drivers
v0xb0c510a00_0 .var "auipc_out", 0 0;
v0xb0c510aa0_0 .net "clk", 0 0, v0xb0c53b980_0;  alias, 1 drivers
v0xb0c510b40_0 .net "immsext_in", 31 0, v0xb0c4b0dc0_0;  alias, 1 drivers
v0xb0c510be0_0 .var "immsext_out", 31 0;
v0xb0c510c80_0 .net "jalr_in", 0 0, v0xb0c4b0f00_0;  alias, 1 drivers
v0xb0c510d20_0 .var "jalr_out", 0 0;
v0xb0c510dc0_0 .net "jump_in", 0 0, v0xb0c4b1040_0;  alias, 1 drivers
v0xb0c510e60_0 .var "jump_out", 0 0;
v0xb0c510f00_0 .net "lui_in", 0 0, v0xb0c4b1180_0;  alias, 1 drivers
v0xb0c510fa0_0 .var "lui_out", 0 0;
v0xb0c511040_0 .net "mem_data_in", 31 0, v0xb0c5129e0_0;  alias, 1 drivers
v0xb0c5110e0_0 .var "mem_data_out", 31 0;
v0xb0c511180_0 .net "pc_plus4_in", 31 0, v0xb0c4b12c0_0;  alias, 1 drivers
v0xb0c511220_0 .var "pc_plus4_out", 31 0;
v0xb0c5112c0_0 .net "pc_target_in", 31 0, v0xb0c4b1400_0;  alias, 1 drivers
v0xb0c511360_0 .var "pc_target_out", 31 0;
v0xb0c511400_0 .net "rd_in", 4 0, v0xb0c4b1540_0;  alias, 1 drivers
v0xb0c5114a0_0 .var "rd_out", 4 0;
v0xb0c511540_0 .net "rst", 0 0, v0xb0c53bc00_0;  alias, 1 drivers
S_0xb0c50c780 .scope module, "alu_inst" "alu" 4 190, 11 1 0, S_0x101103d90;
 .timescale -9 -12;
    .port_info 0 /INPUT 32 "a";
    .port_info 1 /INPUT 32 "b";
    .port_info 2 /INPUT 4 "alu_sel";
    .port_info 3 /OUTPUT 32 "c";
P_0xb0c449ac0 .param/l "XLEN" 0 11 1, +C4<00000000000000000000000000100000>;
v0xb0c5115e0_0 .net "a", 31 0, v0xb0c538780_0;  1 drivers
v0xb0c511680_0 .net "alu_sel", 3 0, v0xb0c4b2b20_0;  alias, 1 drivers
v0xb0c511720_0 .net "b", 31 0, v0xb0c538820_0;  1 drivers
v0xb0c5117c0_0 .var "c", 31 0;
E_0xb0d4ddfc0 .event anyedge, v0xb0c4b2b20_0, v0xb0c5115e0_0, v0xb0c511720_0;
S_0xb0c50c900 .scope module, "dec" "decoder" 4 83, 12 1 0, S_0x101103d90;
 .timescale -9 -12;
    .port_info 0 /INPUT 32 "inst";
    .port_info 1 /OUTPUT 4 "alu_sel";
    .port_info 2 /OUTPUT 3 "instr_type";
    .port_info 3 /OUTPUT 3 "funct3";
    .port_info 4 /OUTPUT 1 "ALUb";
    .port_info 5 /OUTPUT 1 "RegWrite";
    .port_info 6 /OUTPUT 1 "ALUorMem";
    .port_info 7 /OUTPUT 1 "WriteMem";
    .port_info 8 /OUTPUT 1 "jalr";
    .port_info 9 /OUTPUT 1 "lui";
    .port_info 10 /OUTPUT 1 "auipc";
    .port_info 11 /OUTPUT 1 "jump";
P_0x10110bf20 .param/l "B_op" 1 12 18, C4<1100011>;
P_0x10110bf60 .param/l "B_type" 1 12 10, C4<011>;
P_0x10110bfa0 .param/l "I_jalr_op" 1 12 20, C4<1100111>;
P_0x10110bfe0 .param/l "I_load_op" 1 12 16, C4<0000011>;
P_0x10110c020 .param/l "I_op" 1 12 15, C4<0010011>;
P_0x10110c060 .param/l "I_type" 1 12 8, C4<001>;
P_0x10110c0a0 .param/l "J_op" 1 12 19, C4<1101111>;
P_0x10110c0e0 .param/l "J_type" 1 12 12, C4<101>;
P_0x10110c120 .param/l "R_op" 1 12 14, C4<0110011>;
P_0x10110c160 .param/l "R_type" 1 12 7, C4<000>;
P_0x10110c1a0 .param/l "S_op" 1 12 17, C4<0100011>;
P_0x10110c1e0 .param/l "S_type" 1 12 9, C4<010>;
P_0x10110c220 .param/l "U_auipc_op" 1 12 22, C4<0010111>;
P_0x10110c260 .param/l "U_lui_op" 1 12 21, C4<0110111>;
P_0x10110c2a0 .param/l "U_type" 1 12 11, C4<100>;
L_0xb0d453020 .functor OR 1, L_0xb0c4ac820, L_0xb0c4ac8c0, C4<0>, C4<0>;
L_0xb0d452a00 .functor OR 1, L_0xb0c4ac960, L_0xb0c4aca00, C4<0>, C4<0>;
L_0xb0d41f800 .functor BUFZ 1, v0xb0c5126c0_0, C4<0>, C4<0>, C4<0>;
v0xb0c511860_0 .net "ALUb", 0 0, L_0xb0c540140;  alias, 1 drivers
v0xb0c511900_0 .net "ALUorMem", 0 0, L_0xb0d41f800;  alias, 1 drivers
v0xb0c5119a0_0 .net "RegWrite", 0 0, L_0xb0c5401e0;  alias, 1 drivers
v0xb0c511a40_0 .net "WriteMem", 0 0, L_0xb0c4acaa0;  alias, 1 drivers
L_0xb0c8840a0 .functor BUFT 1, C4<011>, C4<0>, C4<0>, C4<0>;
v0xb0c511ae0_0 .net/2u *"_ivl_10", 2 0, L_0xb0c8840a0;  1 drivers
v0xb0c511b80_0 .net *"_ivl_12", 0 0, L_0xb0c4ac8c0;  1 drivers
v0xb0c511c20_0 .net *"_ivl_14", 0 0, L_0xb0d453020;  1 drivers
L_0xb0c8840e8 .functor BUFT 1, C4<010>, C4<0>, C4<0>, C4<0>;
v0xb0c511cc0_0 .net/2u *"_ivl_18", 2 0, L_0xb0c8840e8;  1 drivers
v0xb0c511d60_0 .net *"_ivl_20", 0 0, L_0xb0c4ac960;  1 drivers
L_0xb0c884130 .functor BUFT 1, C4<011>, C4<0>, C4<0>, C4<0>;
v0xb0c511e00_0 .net/2u *"_ivl_22", 2 0, L_0xb0c884130;  1 drivers
v0xb0c511ea0_0 .net *"_ivl_24", 0 0, L_0xb0c4aca00;  1 drivers
v0xb0c511f40_0 .net *"_ivl_26", 0 0, L_0xb0d452a00;  1 drivers
L_0xb0c884178 .functor BUFT 1, C4<010>, C4<0>, C4<0>, C4<0>;
v0xb0c511fe0_0 .net/2u *"_ivl_32", 2 0, L_0xb0c884178;  1 drivers
L_0xb0c884058 .functor BUFT 1, C4<000>, C4<0>, C4<0>, C4<0>;
v0xb0c512080_0 .net/2u *"_ivl_6", 2 0, L_0xb0c884058;  1 drivers
v0xb0c512120_0 .net *"_ivl_8", 0 0, L_0xb0c4ac820;  1 drivers
v0xb0c5121c0_0 .var "alu_sel", 3 0;
v0xb0c512260_0 .var "auipc", 0 0;
v0xb0c512300_0 .net "funct3", 2 0, L_0xb0c5400a0;  alias, 1 drivers
v0xb0c5123a0_0 .net "funct7", 6 0, L_0xb0c540000;  1 drivers
v0xb0c512440_0 .net "inst", 31 0, v0xb0c510140_0;  alias, 1 drivers
v0xb0c5124e0_0 .var "instr_type", 2 0;
v0xb0c512580_0 .var "jalr", 0 0;
v0xb0c512620_0 .var "jump", 0 0;
v0xb0c5126c0_0 .var "load", 0 0;
v0xb0c512760_0 .var "lui", 0 0;
v0xb0c512800_0 .net "opcode", 6 0, L_0xb0c53bf20;  1 drivers
E_0xb0d4de000 .event anyedge, v0xb0c512800_0, v0xb0c4b2e40_0, v0xb0c5123a0_0;
L_0xb0c53bf20 .part v0xb0c510140_0, 0, 7;
L_0xb0c540000 .part v0xb0c510140_0, 25, 7;
L_0xb0c5400a0 .part v0xb0c510140_0, 12, 3;
L_0xb0c4ac820 .cmp/eq 3, v0xb0c5124e0_0, L_0xb0c884058;
L_0xb0c4ac8c0 .cmp/eq 3, v0xb0c5124e0_0, L_0xb0c8840a0;
L_0xb0c540140 .reduce/nor L_0xb0d453020;
L_0xb0c4ac960 .cmp/eq 3, v0xb0c5124e0_0, L_0xb0c8840e8;
L_0xb0c4aca00 .cmp/eq 3, v0xb0c5124e0_0, L_0xb0c884130;
L_0xb0c5401e0 .reduce/nor L_0xb0d452a00;
L_0xb0c4acaa0 .cmp/eq 3, v0xb0c5124e0_0, L_0xb0c884178;
S_0xb0c50ca80 .scope module, "dmem" "data_mem" 4 248, 13 1 0, S_0x101103d90;
 .timescale -9 -12;
    .port_info 0 /INPUT 32 "addr";
    .port_info 1 /INPUT 32 "wr_data";
    .port_info 2 /INPUT 1 "wr_en";
    .port_info 3 /INPUT 1 "clk";
    .port_info 4 /OUTPUT 32 "data";
v0xb0c5128a0_0 .net "addr", 31 0, v0xb0c4b0aa0_0;  alias, 1 drivers
v0xb0c512940_0 .net "clk", 0 0, v0xb0c53b980_0;  alias, 1 drivers
v0xb0c5129e0_0 .var "data", 31 0;
v0xb0c512a80 .array "dmem", 0 1023, 7 0;
v0xb0c512b20_0 .net "wr_data", 31 0, v0xb0c4b1720_0;  alias, 1 drivers
v0xb0c512bc0_0 .net "wr_en", 0 0, v0xb0c4b0960_0;  alias, 1 drivers
v0xb0c512a80_0 .array/port v0xb0c512a80, 0;
v0xb0c512a80_1 .array/port v0xb0c512a80, 1;
v0xb0c512a80_2 .array/port v0xb0c512a80, 2;
E_0xb0d4de040/0 .event anyedge, v0xb0c4b0aa0_0, v0xb0c512a80_0, v0xb0c512a80_1, v0xb0c512a80_2;
v0xb0c512a80_3 .array/port v0xb0c512a80, 3;
v0xb0c512a80_4 .array/port v0xb0c512a80, 4;
v0xb0c512a80_5 .array/port v0xb0c512a80, 5;
v0xb0c512a80_6 .array/port v0xb0c512a80, 6;
E_0xb0d4de040/1 .event anyedge, v0xb0c512a80_3, v0xb0c512a80_4, v0xb0c512a80_5, v0xb0c512a80_6;
v0xb0c512a80_7 .array/port v0xb0c512a80, 7;
v0xb0c512a80_8 .array/port v0xb0c512a80, 8;
v0xb0c512a80_9 .array/port v0xb0c512a80, 9;
v0xb0c512a80_10 .array/port v0xb0c512a80, 10;
E_0xb0d4de040/2 .event anyedge, v0xb0c512a80_7, v0xb0c512a80_8, v0xb0c512a80_9, v0xb0c512a80_10;
v0xb0c512a80_11 .array/port v0xb0c512a80, 11;
v0xb0c512a80_12 .array/port v0xb0c512a80, 12;
v0xb0c512a80_13 .array/port v0xb0c512a80, 13;
v0xb0c512a80_14 .array/port v0xb0c512a80, 14;
E_0xb0d4de040/3 .event anyedge, v0xb0c512a80_11, v0xb0c512a80_12, v0xb0c512a80_13, v0xb0c512a80_14;
v0xb0c512a80_15 .array/port v0xb0c512a80, 15;
v0xb0c512a80_16 .array/port v0xb0c512a80, 16;
v0xb0c512a80_17 .array/port v0xb0c512a80, 17;
v0xb0c512a80_18 .array/port v0xb0c512a80, 18;
E_0xb0d4de040/4 .event anyedge, v0xb0c512a80_15, v0xb0c512a80_16, v0xb0c512a80_17, v0xb0c512a80_18;
v0xb0c512a80_19 .array/port v0xb0c512a80, 19;
v0xb0c512a80_20 .array/port v0xb0c512a80, 20;
v0xb0c512a80_21 .array/port v0xb0c512a80, 21;
v0xb0c512a80_22 .array/port v0xb0c512a80, 22;
E_0xb0d4de040/5 .event anyedge, v0xb0c512a80_19, v0xb0c512a80_20, v0xb0c512a80_21, v0xb0c512a80_22;
v0xb0c512a80_23 .array/port v0xb0c512a80, 23;
v0xb0c512a80_24 .array/port v0xb0c512a80, 24;
v0xb0c512a80_25 .array/port v0xb0c512a80, 25;
v0xb0c512a80_26 .array/port v0xb0c512a80, 26;
E_0xb0d4de040/6 .event anyedge, v0xb0c512a80_23, v0xb0c512a80_24, v0xb0c512a80_25, v0xb0c512a80_26;
v0xb0c512a80_27 .array/port v0xb0c512a80, 27;
v0xb0c512a80_28 .array/port v0xb0c512a80, 28;
v0xb0c512a80_29 .array/port v0xb0c512a80, 29;
v0xb0c512a80_30 .array/port v0xb0c512a80, 30;
E_0xb0d4de040/7 .event anyedge, v0xb0c512a80_27, v0xb0c512a80_28, v0xb0c512a80_29, v0xb0c512a80_30;
v0xb0c512a80_31 .array/port v0xb0c512a80, 31;
v0xb0c512a80_32 .array/port v0xb0c512a80, 32;
v0xb0c512a80_33 .array/port v0xb0c512a80, 33;
v0xb0c512a80_34 .array/port v0xb0c512a80, 34;
E_0xb0d4de040/8 .event anyedge, v0xb0c512a80_31, v0xb0c512a80_32, v0xb0c512a80_33, v0xb0c512a80_34;
v0xb0c512a80_35 .array/port v0xb0c512a80, 35;
v0xb0c512a80_36 .array/port v0xb0c512a80, 36;
v0xb0c512a80_37 .array/port v0xb0c512a80, 37;
v0xb0c512a80_38 .array/port v0xb0c512a80, 38;
E_0xb0d4de040/9 .event anyedge, v0xb0c512a80_35, v0xb0c512a80_36, v0xb0c512a80_37, v0xb0c512a80_38;
v0xb0c512a80_39 .array/port v0xb0c512a80, 39;
v0xb0c512a80_40 .array/port v0xb0c512a80, 40;
v0xb0c512a80_41 .array/port v0xb0c512a80, 41;
v0xb0c512a80_42 .array/port v0xb0c512a80, 42;
E_0xb0d4de040/10 .event anyedge, v0xb0c512a80_39, v0xb0c512a80_40, v0xb0c512a80_41, v0xb0c512a80_42;
v0xb0c512a80_43 .array/port v0xb0c512a80, 43;
v0xb0c512a80_44 .array/port v0xb0c512a80, 44;
v0xb0c512a80_45 .array/port v0xb0c512a80, 45;
v0xb0c512a80_46 .array/port v0xb0c512a80, 46;
E_0xb0d4de040/11 .event anyedge, v0xb0c512a80_43, v0xb0c512a80_44, v0xb0c512a80_45, v0xb0c512a80_46;
v0xb0c512a80_47 .array/port v0xb0c512a80, 47;
v0xb0c512a80_48 .array/port v0xb0c512a80, 48;
v0xb0c512a80_49 .array/port v0xb0c512a80, 49;
v0xb0c512a80_50 .array/port v0xb0c512a80, 50;
E_0xb0d4de040/12 .event anyedge, v0xb0c512a80_47, v0xb0c512a80_48, v0xb0c512a80_49, v0xb0c512a80_50;
v0xb0c512a80_51 .array/port v0xb0c512a80, 51;
v0xb0c512a80_52 .array/port v0xb0c512a80, 52;
v0xb0c512a80_53 .array/port v0xb0c512a80, 53;
v0xb0c512a80_54 .array/port v0xb0c512a80, 54;
E_0xb0d4de040/13 .event anyedge, v0xb0c512a80_51, v0xb0c512a80_52, v0xb0c512a80_53, v0xb0c512a80_54;
v0xb0c512a80_55 .array/port v0xb0c512a80, 55;
v0xb0c512a80_56 .array/port v0xb0c512a80, 56;
v0xb0c512a80_57 .array/port v0xb0c512a80, 57;
v0xb0c512a80_58 .array/port v0xb0c512a80, 58;
E_0xb0d4de040/14 .event anyedge, v0xb0c512a80_55, v0xb0c512a80_56, v0xb0c512a80_57, v0xb0c512a80_58;
v0xb0c512a80_59 .array/port v0xb0c512a80, 59;
v0xb0c512a80_60 .array/port v0xb0c512a80, 60;
v0xb0c512a80_61 .array/port v0xb0c512a80, 61;
v0xb0c512a80_62 .array/port v0xb0c512a80, 62;
E_0xb0d4de040/15 .event anyedge, v0xb0c512a80_59, v0xb0c512a80_60, v0xb0c512a80_61, v0xb0c512a80_62;
v0xb0c512a80_63 .array/port v0xb0c512a80, 63;
v0xb0c512a80_64 .array/port v0xb0c512a80, 64;
v0xb0c512a80_65 .array/port v0xb0c512a80, 65;
v0xb0c512a80_66 .array/port v0xb0c512a80, 66;
E_0xb0d4de040/16 .event anyedge, v0xb0c512a80_63, v0xb0c512a80_64, v0xb0c512a80_65, v0xb0c512a80_66;
v0xb0c512a80_67 .array/port v0xb0c512a80, 67;
v0xb0c512a80_68 .array/port v0xb0c512a80, 68;
v0xb0c512a80_69 .array/port v0xb0c512a80, 69;
v0xb0c512a80_70 .array/port v0xb0c512a80, 70;
E_0xb0d4de040/17 .event anyedge, v0xb0c512a80_67, v0xb0c512a80_68, v0xb0c512a80_69, v0xb0c512a80_70;
v0xb0c512a80_71 .array/port v0xb0c512a80, 71;
v0xb0c512a80_72 .array/port v0xb0c512a80, 72;
v0xb0c512a80_73 .array/port v0xb0c512a80, 73;
v0xb0c512a80_74 .array/port v0xb0c512a80, 74;
E_0xb0d4de040/18 .event anyedge, v0xb0c512a80_71, v0xb0c512a80_72, v0xb0c512a80_73, v0xb0c512a80_74;
v0xb0c512a80_75 .array/port v0xb0c512a80, 75;
v0xb0c512a80_76 .array/port v0xb0c512a80, 76;
v0xb0c512a80_77 .array/port v0xb0c512a80, 77;
v0xb0c512a80_78 .array/port v0xb0c512a80, 78;
E_0xb0d4de040/19 .event anyedge, v0xb0c512a80_75, v0xb0c512a80_76, v0xb0c512a80_77, v0xb0c512a80_78;
v0xb0c512a80_79 .array/port v0xb0c512a80, 79;
v0xb0c512a80_80 .array/port v0xb0c512a80, 80;
v0xb0c512a80_81 .array/port v0xb0c512a80, 81;
v0xb0c512a80_82 .array/port v0xb0c512a80, 82;
E_0xb0d4de040/20 .event anyedge, v0xb0c512a80_79, v0xb0c512a80_80, v0xb0c512a80_81, v0xb0c512a80_82;
v0xb0c512a80_83 .array/port v0xb0c512a80, 83;
v0xb0c512a80_84 .array/port v0xb0c512a80, 84;
v0xb0c512a80_85 .array/port v0xb0c512a80, 85;
v0xb0c512a80_86 .array/port v0xb0c512a80, 86;
E_0xb0d4de040/21 .event anyedge, v0xb0c512a80_83, v0xb0c512a80_84, v0xb0c512a80_85, v0xb0c512a80_86;
v0xb0c512a80_87 .array/port v0xb0c512a80, 87;
v0xb0c512a80_88 .array/port v0xb0c512a80, 88;
v0xb0c512a80_89 .array/port v0xb0c512a80, 89;
v0xb0c512a80_90 .array/port v0xb0c512a80, 90;
E_0xb0d4de040/22 .event anyedge, v0xb0c512a80_87, v0xb0c512a80_88, v0xb0c512a80_89, v0xb0c512a80_90;
v0xb0c512a80_91 .array/port v0xb0c512a80, 91;
v0xb0c512a80_92 .array/port v0xb0c512a80, 92;
v0xb0c512a80_93 .array/port v0xb0c512a80, 93;
v0xb0c512a80_94 .array/port v0xb0c512a80, 94;
E_0xb0d4de040/23 .event anyedge, v0xb0c512a80_91, v0xb0c512a80_92, v0xb0c512a80_93, v0xb0c512a80_94;
v0xb0c512a80_95 .array/port v0xb0c512a80, 95;
v0xb0c512a80_96 .array/port v0xb0c512a80, 96;
v0xb0c512a80_97 .array/port v0xb0c512a80, 97;
v0xb0c512a80_98 .array/port v0xb0c512a80, 98;
E_0xb0d4de040/24 .event anyedge, v0xb0c512a80_95, v0xb0c512a80_96, v0xb0c512a80_97, v0xb0c512a80_98;
v0xb0c512a80_99 .array/port v0xb0c512a80, 99;
v0xb0c512a80_100 .array/port v0xb0c512a80, 100;
v0xb0c512a80_101 .array/port v0xb0c512a80, 101;
v0xb0c512a80_102 .array/port v0xb0c512a80, 102;
E_0xb0d4de040/25 .event anyedge, v0xb0c512a80_99, v0xb0c512a80_100, v0xb0c512a80_101, v0xb0c512a80_102;
v0xb0c512a80_103 .array/port v0xb0c512a80, 103;
v0xb0c512a80_104 .array/port v0xb0c512a80, 104;
v0xb0c512a80_105 .array/port v0xb0c512a80, 105;
v0xb0c512a80_106 .array/port v0xb0c512a80, 106;
E_0xb0d4de040/26 .event anyedge, v0xb0c512a80_103, v0xb0c512a80_104, v0xb0c512a80_105, v0xb0c512a80_106;
v0xb0c512a80_107 .array/port v0xb0c512a80, 107;
v0xb0c512a80_108 .array/port v0xb0c512a80, 108;
v0xb0c512a80_109 .array/port v0xb0c512a80, 109;
v0xb0c512a80_110 .array/port v0xb0c512a80, 110;
E_0xb0d4de040/27 .event anyedge, v0xb0c512a80_107, v0xb0c512a80_108, v0xb0c512a80_109, v0xb0c512a80_110;
v0xb0c512a80_111 .array/port v0xb0c512a80, 111;
v0xb0c512a80_112 .array/port v0xb0c512a80, 112;
v0xb0c512a80_113 .array/port v0xb0c512a80, 113;
v0xb0c512a80_114 .array/port v0xb0c512a80, 114;
E_0xb0d4de040/28 .event anyedge, v0xb0c512a80_111, v0xb0c512a80_112, v0xb0c512a80_113, v0xb0c512a80_114;
v0xb0c512a80_115 .array/port v0xb0c512a80, 115;
v0xb0c512a80_116 .array/port v0xb0c512a80, 116;
v0xb0c512a80_117 .array/port v0xb0c512a80, 117;
v0xb0c512a80_118 .array/port v0xb0c512a80, 118;
E_0xb0d4de040/29 .event anyedge, v0xb0c512a80_115, v0xb0c512a80_116, v0xb0c512a80_117, v0xb0c512a80_118;
v0xb0c512a80_119 .array/port v0xb0c512a80, 119;
v0xb0c512a80_120 .array/port v0xb0c512a80, 120;
v0xb0c512a80_121 .array/port v0xb0c512a80, 121;
v0xb0c512a80_122 .array/port v0xb0c512a80, 122;
E_0xb0d4de040/30 .event anyedge, v0xb0c512a80_119, v0xb0c512a80_120, v0xb0c512a80_121, v0xb0c512a80_122;
v0xb0c512a80_123 .array/port v0xb0c512a80, 123;
v0xb0c512a80_124 .array/port v0xb0c512a80, 124;
v0xb0c512a80_125 .array/port v0xb0c512a80, 125;
v0xb0c512a80_126 .array/port v0xb0c512a80, 126;
E_0xb0d4de040/31 .event anyedge, v0xb0c512a80_123, v0xb0c512a80_124, v0xb0c512a80_125, v0xb0c512a80_126;
v0xb0c512a80_127 .array/port v0xb0c512a80, 127;
v0xb0c512a80_128 .array/port v0xb0c512a80, 128;
v0xb0c512a80_129 .array/port v0xb0c512a80, 129;
v0xb0c512a80_130 .array/port v0xb0c512a80, 130;
E_0xb0d4de040/32 .event anyedge, v0xb0c512a80_127, v0xb0c512a80_128, v0xb0c512a80_129, v0xb0c512a80_130;
v0xb0c512a80_131 .array/port v0xb0c512a80, 131;
v0xb0c512a80_132 .array/port v0xb0c512a80, 132;
v0xb0c512a80_133 .array/port v0xb0c512a80, 133;
v0xb0c512a80_134 .array/port v0xb0c512a80, 134;
E_0xb0d4de040/33 .event anyedge, v0xb0c512a80_131, v0xb0c512a80_132, v0xb0c512a80_133, v0xb0c512a80_134;
v0xb0c512a80_135 .array/port v0xb0c512a80, 135;
v0xb0c512a80_136 .array/port v0xb0c512a80, 136;
v0xb0c512a80_137 .array/port v0xb0c512a80, 137;
v0xb0c512a80_138 .array/port v0xb0c512a80, 138;
E_0xb0d4de040/34 .event anyedge, v0xb0c512a80_135, v0xb0c512a80_136, v0xb0c512a80_137, v0xb0c512a80_138;
v0xb0c512a80_139 .array/port v0xb0c512a80, 139;
v0xb0c512a80_140 .array/port v0xb0c512a80, 140;
v0xb0c512a80_141 .array/port v0xb0c512a80, 141;
v0xb0c512a80_142 .array/port v0xb0c512a80, 142;
E_0xb0d4de040/35 .event anyedge, v0xb0c512a80_139, v0xb0c512a80_140, v0xb0c512a80_141, v0xb0c512a80_142;
v0xb0c512a80_143 .array/port v0xb0c512a80, 143;
v0xb0c512a80_144 .array/port v0xb0c512a80, 144;
v0xb0c512a80_145 .array/port v0xb0c512a80, 145;
v0xb0c512a80_146 .array/port v0xb0c512a80, 146;
E_0xb0d4de040/36 .event anyedge, v0xb0c512a80_143, v0xb0c512a80_144, v0xb0c512a80_145, v0xb0c512a80_146;
v0xb0c512a80_147 .array/port v0xb0c512a80, 147;
v0xb0c512a80_148 .array/port v0xb0c512a80, 148;
v0xb0c512a80_149 .array/port v0xb0c512a80, 149;
v0xb0c512a80_150 .array/port v0xb0c512a80, 150;
E_0xb0d4de040/37 .event anyedge, v0xb0c512a80_147, v0xb0c512a80_148, v0xb0c512a80_149, v0xb0c512a80_150;
v0xb0c512a80_151 .array/port v0xb0c512a80, 151;
v0xb0c512a80_152 .array/port v0xb0c512a80, 152;
v0xb0c512a80_153 .array/port v0xb0c512a80, 153;
v0xb0c512a80_154 .array/port v0xb0c512a80, 154;
E_0xb0d4de040/38 .event anyedge, v0xb0c512a80_151, v0xb0c512a80_152, v0xb0c512a80_153, v0xb0c512a80_154;
v0xb0c512a80_155 .array/port v0xb0c512a80, 155;
v0xb0c512a80_156 .array/port v0xb0c512a80, 156;
v0xb0c512a80_157 .array/port v0xb0c512a80, 157;
v0xb0c512a80_158 .array/port v0xb0c512a80, 158;
E_0xb0d4de040/39 .event anyedge, v0xb0c512a80_155, v0xb0c512a80_156, v0xb0c512a80_157, v0xb0c512a80_158;
v0xb0c512a80_159 .array/port v0xb0c512a80, 159;
v0xb0c512a80_160 .array/port v0xb0c512a80, 160;
v0xb0c512a80_161 .array/port v0xb0c512a80, 161;
v0xb0c512a80_162 .array/port v0xb0c512a80, 162;
E_0xb0d4de040/40 .event anyedge, v0xb0c512a80_159, v0xb0c512a80_160, v0xb0c512a80_161, v0xb0c512a80_162;
v0xb0c512a80_163 .array/port v0xb0c512a80, 163;
v0xb0c512a80_164 .array/port v0xb0c512a80, 164;
v0xb0c512a80_165 .array/port v0xb0c512a80, 165;
v0xb0c512a80_166 .array/port v0xb0c512a80, 166;
E_0xb0d4de040/41 .event anyedge, v0xb0c512a80_163, v0xb0c512a80_164, v0xb0c512a80_165, v0xb0c512a80_166;
v0xb0c512a80_167 .array/port v0xb0c512a80, 167;
v0xb0c512a80_168 .array/port v0xb0c512a80, 168;
v0xb0c512a80_169 .array/port v0xb0c512a80, 169;
v0xb0c512a80_170 .array/port v0xb0c512a80, 170;
E_0xb0d4de040/42 .event anyedge, v0xb0c512a80_167, v0xb0c512a80_168, v0xb0c512a80_169, v0xb0c512a80_170;
v0xb0c512a80_171 .array/port v0xb0c512a80, 171;
v0xb0c512a80_172 .array/port v0xb0c512a80, 172;
v0xb0c512a80_173 .array/port v0xb0c512a80, 173;
v0xb0c512a80_174 .array/port v0xb0c512a80, 174;
E_0xb0d4de040/43 .event anyedge, v0xb0c512a80_171, v0xb0c512a80_172, v0xb0c512a80_173, v0xb0c512a80_174;
v0xb0c512a80_175 .array/port v0xb0c512a80, 175;
v0xb0c512a80_176 .array/port v0xb0c512a80, 176;
v0xb0c512a80_177 .array/port v0xb0c512a80, 177;
v0xb0c512a80_178 .array/port v0xb0c512a80, 178;
E_0xb0d4de040/44 .event anyedge, v0xb0c512a80_175, v0xb0c512a80_176, v0xb0c512a80_177, v0xb0c512a80_178;
v0xb0c512a80_179 .array/port v0xb0c512a80, 179;
v0xb0c512a80_180 .array/port v0xb0c512a80, 180;
v0xb0c512a80_181 .array/port v0xb0c512a80, 181;
v0xb0c512a80_182 .array/port v0xb0c512a80, 182;
E_0xb0d4de040/45 .event anyedge, v0xb0c512a80_179, v0xb0c512a80_180, v0xb0c512a80_181, v0xb0c512a80_182;
v0xb0c512a80_183 .array/port v0xb0c512a80, 183;
v0xb0c512a80_184 .array/port v0xb0c512a80, 184;
v0xb0c512a80_185 .array/port v0xb0c512a80, 185;
v0xb0c512a80_186 .array/port v0xb0c512a80, 186;
E_0xb0d4de040/46 .event anyedge, v0xb0c512a80_183, v0xb0c512a80_184, v0xb0c512a80_185, v0xb0c512a80_186;
v0xb0c512a80_187 .array/port v0xb0c512a80, 187;
v0xb0c512a80_188 .array/port v0xb0c512a80, 188;
v0xb0c512a80_189 .array/port v0xb0c512a80, 189;
v0xb0c512a80_190 .array/port v0xb0c512a80, 190;
E_0xb0d4de040/47 .event anyedge, v0xb0c512a80_187, v0xb0c512a80_188, v0xb0c512a80_189, v0xb0c512a80_190;
v0xb0c512a80_191 .array/port v0xb0c512a80, 191;
v0xb0c512a80_192 .array/port v0xb0c512a80, 192;
v0xb0c512a80_193 .array/port v0xb0c512a80, 193;
v0xb0c512a80_194 .array/port v0xb0c512a80, 194;
E_0xb0d4de040/48 .event anyedge, v0xb0c512a80_191, v0xb0c512a80_192, v0xb0c512a80_193, v0xb0c512a80_194;
v0xb0c512a80_195 .array/port v0xb0c512a80, 195;
v0xb0c512a80_196 .array/port v0xb0c512a80, 196;
v0xb0c512a80_197 .array/port v0xb0c512a80, 197;
v0xb0c512a80_198 .array/port v0xb0c512a80, 198;
E_0xb0d4de040/49 .event anyedge, v0xb0c512a80_195, v0xb0c512a80_196, v0xb0c512a80_197, v0xb0c512a80_198;
v0xb0c512a80_199 .array/port v0xb0c512a80, 199;
v0xb0c512a80_200 .array/port v0xb0c512a80, 200;
v0xb0c512a80_201 .array/port v0xb0c512a80, 201;
v0xb0c512a80_202 .array/port v0xb0c512a80, 202;
E_0xb0d4de040/50 .event anyedge, v0xb0c512a80_199, v0xb0c512a80_200, v0xb0c512a80_201, v0xb0c512a80_202;
v0xb0c512a80_203 .array/port v0xb0c512a80, 203;
v0xb0c512a80_204 .array/port v0xb0c512a80, 204;
v0xb0c512a80_205 .array/port v0xb0c512a80, 205;
v0xb0c512a80_206 .array/port v0xb0c512a80, 206;
E_0xb0d4de040/51 .event anyedge, v0xb0c512a80_203, v0xb0c512a80_204, v0xb0c512a80_205, v0xb0c512a80_206;
v0xb0c512a80_207 .array/port v0xb0c512a80, 207;
v0xb0c512a80_208 .array/port v0xb0c512a80, 208;
v0xb0c512a80_209 .array/port v0xb0c512a80, 209;
v0xb0c512a80_210 .array/port v0xb0c512a80, 210;
E_0xb0d4de040/52 .event anyedge, v0xb0c512a80_207, v0xb0c512a80_208, v0xb0c512a80_209, v0xb0c512a80_210;
v0xb0c512a80_211 .array/port v0xb0c512a80, 211;
v0xb0c512a80_212 .array/port v0xb0c512a80, 212;
v0xb0c512a80_213 .array/port v0xb0c512a80, 213;
v0xb0c512a80_214 .array/port v0xb0c512a80, 214;
E_0xb0d4de040/53 .event anyedge, v0xb0c512a80_211, v0xb0c512a80_212, v0xb0c512a80_213, v0xb0c512a80_214;
v0xb0c512a80_215 .array/port v0xb0c512a80, 215;
v0xb0c512a80_216 .array/port v0xb0c512a80, 216;
v0xb0c512a80_217 .array/port v0xb0c512a80, 217;
v0xb0c512a80_218 .array/port v0xb0c512a80, 218;
E_0xb0d4de040/54 .event anyedge, v0xb0c512a80_215, v0xb0c512a80_216, v0xb0c512a80_217, v0xb0c512a80_218;
v0xb0c512a80_219 .array/port v0xb0c512a80, 219;
v0xb0c512a80_220 .array/port v0xb0c512a80, 220;
v0xb0c512a80_221 .array/port v0xb0c512a80, 221;
v0xb0c512a80_222 .array/port v0xb0c512a80, 222;
E_0xb0d4de040/55 .event anyedge, v0xb0c512a80_219, v0xb0c512a80_220, v0xb0c512a80_221, v0xb0c512a80_222;
v0xb0c512a80_223 .array/port v0xb0c512a80, 223;
v0xb0c512a80_224 .array/port v0xb0c512a80, 224;
v0xb0c512a80_225 .array/port v0xb0c512a80, 225;
v0xb0c512a80_226 .array/port v0xb0c512a80, 226;
E_0xb0d4de040/56 .event anyedge, v0xb0c512a80_223, v0xb0c512a80_224, v0xb0c512a80_225, v0xb0c512a80_226;
v0xb0c512a80_227 .array/port v0xb0c512a80, 227;
v0xb0c512a80_228 .array/port v0xb0c512a80, 228;
v0xb0c512a80_229 .array/port v0xb0c512a80, 229;
v0xb0c512a80_230 .array/port v0xb0c512a80, 230;
E_0xb0d4de040/57 .event anyedge, v0xb0c512a80_227, v0xb0c512a80_228, v0xb0c512a80_229, v0xb0c512a80_230;
v0xb0c512a80_231 .array/port v0xb0c512a80, 231;
v0xb0c512a80_232 .array/port v0xb0c512a80, 232;
v0xb0c512a80_233 .array/port v0xb0c512a80, 233;
v0xb0c512a80_234 .array/port v0xb0c512a80, 234;
E_0xb0d4de040/58 .event anyedge, v0xb0c512a80_231, v0xb0c512a80_232, v0xb0c512a80_233, v0xb0c512a80_234;
v0xb0c512a80_235 .array/port v0xb0c512a80, 235;
v0xb0c512a80_236 .array/port v0xb0c512a80, 236;
v0xb0c512a80_237 .array/port v0xb0c512a80, 237;
v0xb0c512a80_238 .array/port v0xb0c512a80, 238;
E_0xb0d4de040/59 .event anyedge, v0xb0c512a80_235, v0xb0c512a80_236, v0xb0c512a80_237, v0xb0c512a80_238;
v0xb0c512a80_239 .array/port v0xb0c512a80, 239;
v0xb0c512a80_240 .array/port v0xb0c512a80, 240;
v0xb0c512a80_241 .array/port v0xb0c512a80, 241;
v0xb0c512a80_242 .array/port v0xb0c512a80, 242;
E_0xb0d4de040/60 .event anyedge, v0xb0c512a80_239, v0xb0c512a80_240, v0xb0c512a80_241, v0xb0c512a80_242;
v0xb0c512a80_243 .array/port v0xb0c512a80, 243;
v0xb0c512a80_244 .array/port v0xb0c512a80, 244;
v0xb0c512a80_245 .array/port v0xb0c512a80, 245;
v0xb0c512a80_246 .array/port v0xb0c512a80, 246;
E_0xb0d4de040/61 .event anyedge, v0xb0c512a80_243, v0xb0c512a80_244, v0xb0c512a80_245, v0xb0c512a80_246;
v0xb0c512a80_247 .array/port v0xb0c512a80, 247;
v0xb0c512a80_248 .array/port v0xb0c512a80, 248;
v0xb0c512a80_249 .array/port v0xb0c512a80, 249;
v0xb0c512a80_250 .array/port v0xb0c512a80, 250;
E_0xb0d4de040/62 .event anyedge, v0xb0c512a80_247, v0xb0c512a80_248, v0xb0c512a80_249, v0xb0c512a80_250;
v0xb0c512a80_251 .array/port v0xb0c512a80, 251;
v0xb0c512a80_252 .array/port v0xb0c512a80, 252;
v0xb0c512a80_253 .array/port v0xb0c512a80, 253;
v0xb0c512a80_254 .array/port v0xb0c512a80, 254;
E_0xb0d4de040/63 .event anyedge, v0xb0c512a80_251, v0xb0c512a80_252, v0xb0c512a80_253, v0xb0c512a80_254;
v0xb0c512a80_255 .array/port v0xb0c512a80, 255;
v0xb0c512a80_256 .array/port v0xb0c512a80, 256;
v0xb0c512a80_257 .array/port v0xb0c512a80, 257;
v0xb0c512a80_258 .array/port v0xb0c512a80, 258;
E_0xb0d4de040/64 .event anyedge, v0xb0c512a80_255, v0xb0c512a80_256, v0xb0c512a80_257, v0xb0c512a80_258;
v0xb0c512a80_259 .array/port v0xb0c512a80, 259;
v0xb0c512a80_260 .array/port v0xb0c512a80, 260;
v0xb0c512a80_261 .array/port v0xb0c512a80, 261;
v0xb0c512a80_262 .array/port v0xb0c512a80, 262;
E_0xb0d4de040/65 .event anyedge, v0xb0c512a80_259, v0xb0c512a80_260, v0xb0c512a80_261, v0xb0c512a80_262;
v0xb0c512a80_263 .array/port v0xb0c512a80, 263;
v0xb0c512a80_264 .array/port v0xb0c512a80, 264;
v0xb0c512a80_265 .array/port v0xb0c512a80, 265;
v0xb0c512a80_266 .array/port v0xb0c512a80, 266;
E_0xb0d4de040/66 .event anyedge, v0xb0c512a80_263, v0xb0c512a80_264, v0xb0c512a80_265, v0xb0c512a80_266;
v0xb0c512a80_267 .array/port v0xb0c512a80, 267;
v0xb0c512a80_268 .array/port v0xb0c512a80, 268;
v0xb0c512a80_269 .array/port v0xb0c512a80, 269;
v0xb0c512a80_270 .array/port v0xb0c512a80, 270;
E_0xb0d4de040/67 .event anyedge, v0xb0c512a80_267, v0xb0c512a80_268, v0xb0c512a80_269, v0xb0c512a80_270;
v0xb0c512a80_271 .array/port v0xb0c512a80, 271;
v0xb0c512a80_272 .array/port v0xb0c512a80, 272;
v0xb0c512a80_273 .array/port v0xb0c512a80, 273;
v0xb0c512a80_274 .array/port v0xb0c512a80, 274;
E_0xb0d4de040/68 .event anyedge, v0xb0c512a80_271, v0xb0c512a80_272, v0xb0c512a80_273, v0xb0c512a80_274;
v0xb0c512a80_275 .array/port v0xb0c512a80, 275;
v0xb0c512a80_276 .array/port v0xb0c512a80, 276;
v0xb0c512a80_277 .array/port v0xb0c512a80, 277;
v0xb0c512a80_278 .array/port v0xb0c512a80, 278;
E_0xb0d4de040/69 .event anyedge, v0xb0c512a80_275, v0xb0c512a80_276, v0xb0c512a80_277, v0xb0c512a80_278;
v0xb0c512a80_279 .array/port v0xb0c512a80, 279;
v0xb0c512a80_280 .array/port v0xb0c512a80, 280;
v0xb0c512a80_281 .array/port v0xb0c512a80, 281;
v0xb0c512a80_282 .array/port v0xb0c512a80, 282;
E_0xb0d4de040/70 .event anyedge, v0xb0c512a80_279, v0xb0c512a80_280, v0xb0c512a80_281, v0xb0c512a80_282;
v0xb0c512a80_283 .array/port v0xb0c512a80, 283;
v0xb0c512a80_284 .array/port v0xb0c512a80, 284;
v0xb0c512a80_285 .array/port v0xb0c512a80, 285;
v0xb0c512a80_286 .array/port v0xb0c512a80, 286;
E_0xb0d4de040/71 .event anyedge, v0xb0c512a80_283, v0xb0c512a80_284, v0xb0c512a80_285, v0xb0c512a80_286;
v0xb0c512a80_287 .array/port v0xb0c512a80, 287;
v0xb0c512a80_288 .array/port v0xb0c512a80, 288;
v0xb0c512a80_289 .array/port v0xb0c512a80, 289;
v0xb0c512a80_290 .array/port v0xb0c512a80, 290;
E_0xb0d4de040/72 .event anyedge, v0xb0c512a80_287, v0xb0c512a80_288, v0xb0c512a80_289, v0xb0c512a80_290;
v0xb0c512a80_291 .array/port v0xb0c512a80, 291;
v0xb0c512a80_292 .array/port v0xb0c512a80, 292;
v0xb0c512a80_293 .array/port v0xb0c512a80, 293;
v0xb0c512a80_294 .array/port v0xb0c512a80, 294;
E_0xb0d4de040/73 .event anyedge, v0xb0c512a80_291, v0xb0c512a80_292, v0xb0c512a80_293, v0xb0c512a80_294;
v0xb0c512a80_295 .array/port v0xb0c512a80, 295;
v0xb0c512a80_296 .array/port v0xb0c512a80, 296;
v0xb0c512a80_297 .array/port v0xb0c512a80, 297;
v0xb0c512a80_298 .array/port v0xb0c512a80, 298;
E_0xb0d4de040/74 .event anyedge, v0xb0c512a80_295, v0xb0c512a80_296, v0xb0c512a80_297, v0xb0c512a80_298;
v0xb0c512a80_299 .array/port v0xb0c512a80, 299;
v0xb0c512a80_300 .array/port v0xb0c512a80, 300;
v0xb0c512a80_301 .array/port v0xb0c512a80, 301;
v0xb0c512a80_302 .array/port v0xb0c512a80, 302;
E_0xb0d4de040/75 .event anyedge, v0xb0c512a80_299, v0xb0c512a80_300, v0xb0c512a80_301, v0xb0c512a80_302;
v0xb0c512a80_303 .array/port v0xb0c512a80, 303;
v0xb0c512a80_304 .array/port v0xb0c512a80, 304;
v0xb0c512a80_305 .array/port v0xb0c512a80, 305;
v0xb0c512a80_306 .array/port v0xb0c512a80, 306;
E_0xb0d4de040/76 .event anyedge, v0xb0c512a80_303, v0xb0c512a80_304, v0xb0c512a80_305, v0xb0c512a80_306;
v0xb0c512a80_307 .array/port v0xb0c512a80, 307;
v0xb0c512a80_308 .array/port v0xb0c512a80, 308;
v0xb0c512a80_309 .array/port v0xb0c512a80, 309;
v0xb0c512a80_310 .array/port v0xb0c512a80, 310;
E_0xb0d4de040/77 .event anyedge, v0xb0c512a80_307, v0xb0c512a80_308, v0xb0c512a80_309, v0xb0c512a80_310;
v0xb0c512a80_311 .array/port v0xb0c512a80, 311;
v0xb0c512a80_312 .array/port v0xb0c512a80, 312;
v0xb0c512a80_313 .array/port v0xb0c512a80, 313;
v0xb0c512a80_314 .array/port v0xb0c512a80, 314;
E_0xb0d4de040/78 .event anyedge, v0xb0c512a80_311, v0xb0c512a80_312, v0xb0c512a80_313, v0xb0c512a80_314;
v0xb0c512a80_315 .array/port v0xb0c512a80, 315;
v0xb0c512a80_316 .array/port v0xb0c512a80, 316;
v0xb0c512a80_317 .array/port v0xb0c512a80, 317;
v0xb0c512a80_318 .array/port v0xb0c512a80, 318;
E_0xb0d4de040/79 .event anyedge, v0xb0c512a80_315, v0xb0c512a80_316, v0xb0c512a80_317, v0xb0c512a80_318;
v0xb0c512a80_319 .array/port v0xb0c512a80, 319;
v0xb0c512a80_320 .array/port v0xb0c512a80, 320;
v0xb0c512a80_321 .array/port v0xb0c512a80, 321;
v0xb0c512a80_322 .array/port v0xb0c512a80, 322;
E_0xb0d4de040/80 .event anyedge, v0xb0c512a80_319, v0xb0c512a80_320, v0xb0c512a80_321, v0xb0c512a80_322;
v0xb0c512a80_323 .array/port v0xb0c512a80, 323;
v0xb0c512a80_324 .array/port v0xb0c512a80, 324;
v0xb0c512a80_325 .array/port v0xb0c512a80, 325;
v0xb0c512a80_326 .array/port v0xb0c512a80, 326;
E_0xb0d4de040/81 .event anyedge, v0xb0c512a80_323, v0xb0c512a80_324, v0xb0c512a80_325, v0xb0c512a80_326;
v0xb0c512a80_327 .array/port v0xb0c512a80, 327;
v0xb0c512a80_328 .array/port v0xb0c512a80, 328;
v0xb0c512a80_329 .array/port v0xb0c512a80, 329;
v0xb0c512a80_330 .array/port v0xb0c512a80, 330;
E_0xb0d4de040/82 .event anyedge, v0xb0c512a80_327, v0xb0c512a80_328, v0xb0c512a80_329, v0xb0c512a80_330;
v0xb0c512a80_331 .array/port v0xb0c512a80, 331;
v0xb0c512a80_332 .array/port v0xb0c512a80, 332;
v0xb0c512a80_333 .array/port v0xb0c512a80, 333;
v0xb0c512a80_334 .array/port v0xb0c512a80, 334;
E_0xb0d4de040/83 .event anyedge, v0xb0c512a80_331, v0xb0c512a80_332, v0xb0c512a80_333, v0xb0c512a80_334;
v0xb0c512a80_335 .array/port v0xb0c512a80, 335;
v0xb0c512a80_336 .array/port v0xb0c512a80, 336;
v0xb0c512a80_337 .array/port v0xb0c512a80, 337;
v0xb0c512a80_338 .array/port v0xb0c512a80, 338;
E_0xb0d4de040/84 .event anyedge, v0xb0c512a80_335, v0xb0c512a80_336, v0xb0c512a80_337, v0xb0c512a80_338;
v0xb0c512a80_339 .array/port v0xb0c512a80, 339;
v0xb0c512a80_340 .array/port v0xb0c512a80, 340;
v0xb0c512a80_341 .array/port v0xb0c512a80, 341;
v0xb0c512a80_342 .array/port v0xb0c512a80, 342;
E_0xb0d4de040/85 .event anyedge, v0xb0c512a80_339, v0xb0c512a80_340, v0xb0c512a80_341, v0xb0c512a80_342;
v0xb0c512a80_343 .array/port v0xb0c512a80, 343;
v0xb0c512a80_344 .array/port v0xb0c512a80, 344;
v0xb0c512a80_345 .array/port v0xb0c512a80, 345;
v0xb0c512a80_346 .array/port v0xb0c512a80, 346;
E_0xb0d4de040/86 .event anyedge, v0xb0c512a80_343, v0xb0c512a80_344, v0xb0c512a80_345, v0xb0c512a80_346;
v0xb0c512a80_347 .array/port v0xb0c512a80, 347;
v0xb0c512a80_348 .array/port v0xb0c512a80, 348;
v0xb0c512a80_349 .array/port v0xb0c512a80, 349;
v0xb0c512a80_350 .array/port v0xb0c512a80, 350;
E_0xb0d4de040/87 .event anyedge, v0xb0c512a80_347, v0xb0c512a80_348, v0xb0c512a80_349, v0xb0c512a80_350;
v0xb0c512a80_351 .array/port v0xb0c512a80, 351;
v0xb0c512a80_352 .array/port v0xb0c512a80, 352;
v0xb0c512a80_353 .array/port v0xb0c512a80, 353;
v0xb0c512a80_354 .array/port v0xb0c512a80, 354;
E_0xb0d4de040/88 .event anyedge, v0xb0c512a80_351, v0xb0c512a80_352, v0xb0c512a80_353, v0xb0c512a80_354;
v0xb0c512a80_355 .array/port v0xb0c512a80, 355;
v0xb0c512a80_356 .array/port v0xb0c512a80, 356;
v0xb0c512a80_357 .array/port v0xb0c512a80, 357;
v0xb0c512a80_358 .array/port v0xb0c512a80, 358;
E_0xb0d4de040/89 .event anyedge, v0xb0c512a80_355, v0xb0c512a80_356, v0xb0c512a80_357, v0xb0c512a80_358;
v0xb0c512a80_359 .array/port v0xb0c512a80, 359;
v0xb0c512a80_360 .array/port v0xb0c512a80, 360;
v0xb0c512a80_361 .array/port v0xb0c512a80, 361;
v0xb0c512a80_362 .array/port v0xb0c512a80, 362;
E_0xb0d4de040/90 .event anyedge, v0xb0c512a80_359, v0xb0c512a80_360, v0xb0c512a80_361, v0xb0c512a80_362;
v0xb0c512a80_363 .array/port v0xb0c512a80, 363;
v0xb0c512a80_364 .array/port v0xb0c512a80, 364;
v0xb0c512a80_365 .array/port v0xb0c512a80, 365;
v0xb0c512a80_366 .array/port v0xb0c512a80, 366;
E_0xb0d4de040/91 .event anyedge, v0xb0c512a80_363, v0xb0c512a80_364, v0xb0c512a80_365, v0xb0c512a80_366;
v0xb0c512a80_367 .array/port v0xb0c512a80, 367;
v0xb0c512a80_368 .array/port v0xb0c512a80, 368;
v0xb0c512a80_369 .array/port v0xb0c512a80, 369;
v0xb0c512a80_370 .array/port v0xb0c512a80, 370;
E_0xb0d4de040/92 .event anyedge, v0xb0c512a80_367, v0xb0c512a80_368, v0xb0c512a80_369, v0xb0c512a80_370;
v0xb0c512a80_371 .array/port v0xb0c512a80, 371;
v0xb0c512a80_372 .array/port v0xb0c512a80, 372;
v0xb0c512a80_373 .array/port v0xb0c512a80, 373;
v0xb0c512a80_374 .array/port v0xb0c512a80, 374;
E_0xb0d4de040/93 .event anyedge, v0xb0c512a80_371, v0xb0c512a80_372, v0xb0c512a80_373, v0xb0c512a80_374;
v0xb0c512a80_375 .array/port v0xb0c512a80, 375;
v0xb0c512a80_376 .array/port v0xb0c512a80, 376;
v0xb0c512a80_377 .array/port v0xb0c512a80, 377;
v0xb0c512a80_378 .array/port v0xb0c512a80, 378;
E_0xb0d4de040/94 .event anyedge, v0xb0c512a80_375, v0xb0c512a80_376, v0xb0c512a80_377, v0xb0c512a80_378;
v0xb0c512a80_379 .array/port v0xb0c512a80, 379;
v0xb0c512a80_380 .array/port v0xb0c512a80, 380;
v0xb0c512a80_381 .array/port v0xb0c512a80, 381;
v0xb0c512a80_382 .array/port v0xb0c512a80, 382;
E_0xb0d4de040/95 .event anyedge, v0xb0c512a80_379, v0xb0c512a80_380, v0xb0c512a80_381, v0xb0c512a80_382;
v0xb0c512a80_383 .array/port v0xb0c512a80, 383;
v0xb0c512a80_384 .array/port v0xb0c512a80, 384;
v0xb0c512a80_385 .array/port v0xb0c512a80, 385;
v0xb0c512a80_386 .array/port v0xb0c512a80, 386;
E_0xb0d4de040/96 .event anyedge, v0xb0c512a80_383, v0xb0c512a80_384, v0xb0c512a80_385, v0xb0c512a80_386;
v0xb0c512a80_387 .array/port v0xb0c512a80, 387;
v0xb0c512a80_388 .array/port v0xb0c512a80, 388;
v0xb0c512a80_389 .array/port v0xb0c512a80, 389;
v0xb0c512a80_390 .array/port v0xb0c512a80, 390;
E_0xb0d4de040/97 .event anyedge, v0xb0c512a80_387, v0xb0c512a80_388, v0xb0c512a80_389, v0xb0c512a80_390;
v0xb0c512a80_391 .array/port v0xb0c512a80, 391;
v0xb0c512a80_392 .array/port v0xb0c512a80, 392;
v0xb0c512a80_393 .array/port v0xb0c512a80, 393;
v0xb0c512a80_394 .array/port v0xb0c512a80, 394;
E_0xb0d4de040/98 .event anyedge, v0xb0c512a80_391, v0xb0c512a80_392, v0xb0c512a80_393, v0xb0c512a80_394;
v0xb0c512a80_395 .array/port v0xb0c512a80, 395;
v0xb0c512a80_396 .array/port v0xb0c512a80, 396;
v0xb0c512a80_397 .array/port v0xb0c512a80, 397;
v0xb0c512a80_398 .array/port v0xb0c512a80, 398;
E_0xb0d4de040/99 .event anyedge, v0xb0c512a80_395, v0xb0c512a80_396, v0xb0c512a80_397, v0xb0c512a80_398;
v0xb0c512a80_399 .array/port v0xb0c512a80, 399;
v0xb0c512a80_400 .array/port v0xb0c512a80, 400;
v0xb0c512a80_401 .array/port v0xb0c512a80, 401;
v0xb0c512a80_402 .array/port v0xb0c512a80, 402;
E_0xb0d4de040/100 .event anyedge, v0xb0c512a80_399, v0xb0c512a80_400, v0xb0c512a80_401, v0xb0c512a80_402;
v0xb0c512a80_403 .array/port v0xb0c512a80, 403;
v0xb0c512a80_404 .array/port v0xb0c512a80, 404;
v0xb0c512a80_405 .array/port v0xb0c512a80, 405;
v0xb0c512a80_406 .array/port v0xb0c512a80, 406;
E_0xb0d4de040/101 .event anyedge, v0xb0c512a80_403, v0xb0c512a80_404, v0xb0c512a80_405, v0xb0c512a80_406;
v0xb0c512a80_407 .array/port v0xb0c512a80, 407;
v0xb0c512a80_408 .array/port v0xb0c512a80, 408;
v0xb0c512a80_409 .array/port v0xb0c512a80, 409;
v0xb0c512a80_410 .array/port v0xb0c512a80, 410;
E_0xb0d4de040/102 .event anyedge, v0xb0c512a80_407, v0xb0c512a80_408, v0xb0c512a80_409, v0xb0c512a80_410;
v0xb0c512a80_411 .array/port v0xb0c512a80, 411;
v0xb0c512a80_412 .array/port v0xb0c512a80, 412;
v0xb0c512a80_413 .array/port v0xb0c512a80, 413;
v0xb0c512a80_414 .array/port v0xb0c512a80, 414;
E_0xb0d4de040/103 .event anyedge, v0xb0c512a80_411, v0xb0c512a80_412, v0xb0c512a80_413, v0xb0c512a80_414;
v0xb0c512a80_415 .array/port v0xb0c512a80, 415;
v0xb0c512a80_416 .array/port v0xb0c512a80, 416;
v0xb0c512a80_417 .array/port v0xb0c512a80, 417;
v0xb0c512a80_418 .array/port v0xb0c512a80, 418;
E_0xb0d4de040/104 .event anyedge, v0xb0c512a80_415, v0xb0c512a80_416, v0xb0c512a80_417, v0xb0c512a80_418;
v0xb0c512a80_419 .array/port v0xb0c512a80, 419;
v0xb0c512a80_420 .array/port v0xb0c512a80, 420;
v0xb0c512a80_421 .array/port v0xb0c512a80, 421;
v0xb0c512a80_422 .array/port v0xb0c512a80, 422;
E_0xb0d4de040/105 .event anyedge, v0xb0c512a80_419, v0xb0c512a80_420, v0xb0c512a80_421, v0xb0c512a80_422;
v0xb0c512a80_423 .array/port v0xb0c512a80, 423;
v0xb0c512a80_424 .array/port v0xb0c512a80, 424;
v0xb0c512a80_425 .array/port v0xb0c512a80, 425;
v0xb0c512a80_426 .array/port v0xb0c512a80, 426;
E_0xb0d4de040/106 .event anyedge, v0xb0c512a80_423, v0xb0c512a80_424, v0xb0c512a80_425, v0xb0c512a80_426;
v0xb0c512a80_427 .array/port v0xb0c512a80, 427;
v0xb0c512a80_428 .array/port v0xb0c512a80, 428;
v0xb0c512a80_429 .array/port v0xb0c512a80, 429;
v0xb0c512a80_430 .array/port v0xb0c512a80, 430;
E_0xb0d4de040/107 .event anyedge, v0xb0c512a80_427, v0xb0c512a80_428, v0xb0c512a80_429, v0xb0c512a80_430;
v0xb0c512a80_431 .array/port v0xb0c512a80, 431;
v0xb0c512a80_432 .array/port v0xb0c512a80, 432;
v0xb0c512a80_433 .array/port v0xb0c512a80, 433;
v0xb0c512a80_434 .array/port v0xb0c512a80, 434;
E_0xb0d4de040/108 .event anyedge, v0xb0c512a80_431, v0xb0c512a80_432, v0xb0c512a80_433, v0xb0c512a80_434;
v0xb0c512a80_435 .array/port v0xb0c512a80, 435;
v0xb0c512a80_436 .array/port v0xb0c512a80, 436;
v0xb0c512a80_437 .array/port v0xb0c512a80, 437;
v0xb0c512a80_438 .array/port v0xb0c512a80, 438;
E_0xb0d4de040/109 .event anyedge, v0xb0c512a80_435, v0xb0c512a80_436, v0xb0c512a80_437, v0xb0c512a80_438;
v0xb0c512a80_439 .array/port v0xb0c512a80, 439;
v0xb0c512a80_440 .array/port v0xb0c512a80, 440;
v0xb0c512a80_441 .array/port v0xb0c512a80, 441;
v0xb0c512a80_442 .array/port v0xb0c512a80, 442;
E_0xb0d4de040/110 .event anyedge, v0xb0c512a80_439, v0xb0c512a80_440, v0xb0c512a80_441, v0xb0c512a80_442;
v0xb0c512a80_443 .array/port v0xb0c512a80, 443;
v0xb0c512a80_444 .array/port v0xb0c512a80, 444;
v0xb0c512a80_445 .array/port v0xb0c512a80, 445;
v0xb0c512a80_446 .array/port v0xb0c512a80, 446;
E_0xb0d4de040/111 .event anyedge, v0xb0c512a80_443, v0xb0c512a80_444, v0xb0c512a80_445, v0xb0c512a80_446;
v0xb0c512a80_447 .array/port v0xb0c512a80, 447;
v0xb0c512a80_448 .array/port v0xb0c512a80, 448;
v0xb0c512a80_449 .array/port v0xb0c512a80, 449;
v0xb0c512a80_450 .array/port v0xb0c512a80, 450;
E_0xb0d4de040/112 .event anyedge, v0xb0c512a80_447, v0xb0c512a80_448, v0xb0c512a80_449, v0xb0c512a80_450;
v0xb0c512a80_451 .array/port v0xb0c512a80, 451;
v0xb0c512a80_452 .array/port v0xb0c512a80, 452;
v0xb0c512a80_453 .array/port v0xb0c512a80, 453;
v0xb0c512a80_454 .array/port v0xb0c512a80, 454;
E_0xb0d4de040/113 .event anyedge, v0xb0c512a80_451, v0xb0c512a80_452, v0xb0c512a80_453, v0xb0c512a80_454;
v0xb0c512a80_455 .array/port v0xb0c512a80, 455;
v0xb0c512a80_456 .array/port v0xb0c512a80, 456;
v0xb0c512a80_457 .array/port v0xb0c512a80, 457;
v0xb0c512a80_458 .array/port v0xb0c512a80, 458;
E_0xb0d4de040/114 .event anyedge, v0xb0c512a80_455, v0xb0c512a80_456, v0xb0c512a80_457, v0xb0c512a80_458;
v0xb0c512a80_459 .array/port v0xb0c512a80, 459;
v0xb0c512a80_460 .array/port v0xb0c512a80, 460;
v0xb0c512a80_461 .array/port v0xb0c512a80, 461;
v0xb0c512a80_462 .array/port v0xb0c512a80, 462;
E_0xb0d4de040/115 .event anyedge, v0xb0c512a80_459, v0xb0c512a80_460, v0xb0c512a80_461, v0xb0c512a80_462;
v0xb0c512a80_463 .array/port v0xb0c512a80, 463;
v0xb0c512a80_464 .array/port v0xb0c512a80, 464;
v0xb0c512a80_465 .array/port v0xb0c512a80, 465;
v0xb0c512a80_466 .array/port v0xb0c512a80, 466;
E_0xb0d4de040/116 .event anyedge, v0xb0c512a80_463, v0xb0c512a80_464, v0xb0c512a80_465, v0xb0c512a80_466;
v0xb0c512a80_467 .array/port v0xb0c512a80, 467;
v0xb0c512a80_468 .array/port v0xb0c512a80, 468;
v0xb0c512a80_469 .array/port v0xb0c512a80, 469;
v0xb0c512a80_470 .array/port v0xb0c512a80, 470;
E_0xb0d4de040/117 .event anyedge, v0xb0c512a80_467, v0xb0c512a80_468, v0xb0c512a80_469, v0xb0c512a80_470;
v0xb0c512a80_471 .array/port v0xb0c512a80, 471;
v0xb0c512a80_472 .array/port v0xb0c512a80, 472;
v0xb0c512a80_473 .array/port v0xb0c512a80, 473;
v0xb0c512a80_474 .array/port v0xb0c512a80, 474;
E_0xb0d4de040/118 .event anyedge, v0xb0c512a80_471, v0xb0c512a80_472, v0xb0c512a80_473, v0xb0c512a80_474;
v0xb0c512a80_475 .array/port v0xb0c512a80, 475;
v0xb0c512a80_476 .array/port v0xb0c512a80, 476;
v0xb0c512a80_477 .array/port v0xb0c512a80, 477;
v0xb0c512a80_478 .array/port v0xb0c512a80, 478;
E_0xb0d4de040/119 .event anyedge, v0xb0c512a80_475, v0xb0c512a80_476, v0xb0c512a80_477, v0xb0c512a80_478;
v0xb0c512a80_479 .array/port v0xb0c512a80, 479;
v0xb0c512a80_480 .array/port v0xb0c512a80, 480;
v0xb0c512a80_481 .array/port v0xb0c512a80, 481;
v0xb0c512a80_482 .array/port v0xb0c512a80, 482;
E_0xb0d4de040/120 .event anyedge, v0xb0c512a80_479, v0xb0c512a80_480, v0xb0c512a80_481, v0xb0c512a80_482;
v0xb0c512a80_483 .array/port v0xb0c512a80, 483;
v0xb0c512a80_484 .array/port v0xb0c512a80, 484;
v0xb0c512a80_485 .array/port v0xb0c512a80, 485;
v0xb0c512a80_486 .array/port v0xb0c512a80, 486;
E_0xb0d4de040/121 .event anyedge, v0xb0c512a80_483, v0xb0c512a80_484, v0xb0c512a80_485, v0xb0c512a80_486;
v0xb0c512a80_487 .array/port v0xb0c512a80, 487;
v0xb0c512a80_488 .array/port v0xb0c512a80, 488;
v0xb0c512a80_489 .array/port v0xb0c512a80, 489;
v0xb0c512a80_490 .array/port v0xb0c512a80, 490;
E_0xb0d4de040/122 .event anyedge, v0xb0c512a80_487, v0xb0c512a80_488, v0xb0c512a80_489, v0xb0c512a80_490;
v0xb0c512a80_491 .array/port v0xb0c512a80, 491;
v0xb0c512a80_492 .array/port v0xb0c512a80, 492;
v0xb0c512a80_493 .array/port v0xb0c512a80, 493;
v0xb0c512a80_494 .array/port v0xb0c512a80, 494;
E_0xb0d4de040/123 .event anyedge, v0xb0c512a80_491, v0xb0c512a80_492, v0xb0c512a80_493, v0xb0c512a80_494;
v0xb0c512a80_495 .array/port v0xb0c512a80, 495;
v0xb0c512a80_496 .array/port v0xb0c512a80, 496;
v0xb0c512a80_497 .array/port v0xb0c512a80, 497;
v0xb0c512a80_498 .array/port v0xb0c512a80, 498;
E_0xb0d4de040/124 .event anyedge, v0xb0c512a80_495, v0xb0c512a80_496, v0xb0c512a80_497, v0xb0c512a80_498;
v0xb0c512a80_499 .array/port v0xb0c512a80, 499;
v0xb0c512a80_500 .array/port v0xb0c512a80, 500;
v0xb0c512a80_501 .array/port v0xb0c512a80, 501;
v0xb0c512a80_502 .array/port v0xb0c512a80, 502;
E_0xb0d4de040/125 .event anyedge, v0xb0c512a80_499, v0xb0c512a80_500, v0xb0c512a80_501, v0xb0c512a80_502;
v0xb0c512a80_503 .array/port v0xb0c512a80, 503;
v0xb0c512a80_504 .array/port v0xb0c512a80, 504;
v0xb0c512a80_505 .array/port v0xb0c512a80, 505;
v0xb0c512a80_506 .array/port v0xb0c512a80, 506;
E_0xb0d4de040/126 .event anyedge, v0xb0c512a80_503, v0xb0c512a80_504, v0xb0c512a80_505, v0xb0c512a80_506;
v0xb0c512a80_507 .array/port v0xb0c512a80, 507;
v0xb0c512a80_508 .array/port v0xb0c512a80, 508;
v0xb0c512a80_509 .array/port v0xb0c512a80, 509;
v0xb0c512a80_510 .array/port v0xb0c512a80, 510;
E_0xb0d4de040/127 .event anyedge, v0xb0c512a80_507, v0xb0c512a80_508, v0xb0c512a80_509, v0xb0c512a80_510;
v0xb0c512a80_511 .array/port v0xb0c512a80, 511;
v0xb0c512a80_512 .array/port v0xb0c512a80, 512;
v0xb0c512a80_513 .array/port v0xb0c512a80, 513;
v0xb0c512a80_514 .array/port v0xb0c512a80, 514;
E_0xb0d4de040/128 .event anyedge, v0xb0c512a80_511, v0xb0c512a80_512, v0xb0c512a80_513, v0xb0c512a80_514;
v0xb0c512a80_515 .array/port v0xb0c512a80, 515;
v0xb0c512a80_516 .array/port v0xb0c512a80, 516;
v0xb0c512a80_517 .array/port v0xb0c512a80, 517;
v0xb0c512a80_518 .array/port v0xb0c512a80, 518;
E_0xb0d4de040/129 .event anyedge, v0xb0c512a80_515, v0xb0c512a80_516, v0xb0c512a80_517, v0xb0c512a80_518;
v0xb0c512a80_519 .array/port v0xb0c512a80, 519;
v0xb0c512a80_520 .array/port v0xb0c512a80, 520;
v0xb0c512a80_521 .array/port v0xb0c512a80, 521;
v0xb0c512a80_522 .array/port v0xb0c512a80, 522;
E_0xb0d4de040/130 .event anyedge, v0xb0c512a80_519, v0xb0c512a80_520, v0xb0c512a80_521, v0xb0c512a80_522;
v0xb0c512a80_523 .array/port v0xb0c512a80, 523;
v0xb0c512a80_524 .array/port v0xb0c512a80, 524;
v0xb0c512a80_525 .array/port v0xb0c512a80, 525;
v0xb0c512a80_526 .array/port v0xb0c512a80, 526;
E_0xb0d4de040/131 .event anyedge, v0xb0c512a80_523, v0xb0c512a80_524, v0xb0c512a80_525, v0xb0c512a80_526;
v0xb0c512a80_527 .array/port v0xb0c512a80, 527;
v0xb0c512a80_528 .array/port v0xb0c512a80, 528;
v0xb0c512a80_529 .array/port v0xb0c512a80, 529;
v0xb0c512a80_530 .array/port v0xb0c512a80, 530;
E_0xb0d4de040/132 .event anyedge, v0xb0c512a80_527, v0xb0c512a80_528, v0xb0c512a80_529, v0xb0c512a80_530;
v0xb0c512a80_531 .array/port v0xb0c512a80, 531;
v0xb0c512a80_532 .array/port v0xb0c512a80, 532;
v0xb0c512a80_533 .array/port v0xb0c512a80, 533;
v0xb0c512a80_534 .array/port v0xb0c512a80, 534;
E_0xb0d4de040/133 .event anyedge, v0xb0c512a80_531, v0xb0c512a80_532, v0xb0c512a80_533, v0xb0c512a80_534;
v0xb0c512a80_535 .array/port v0xb0c512a80, 535;
v0xb0c512a80_536 .array/port v0xb0c512a80, 536;
v0xb0c512a80_537 .array/port v0xb0c512a80, 537;
v0xb0c512a80_538 .array/port v0xb0c512a80, 538;
E_0xb0d4de040/134 .event anyedge, v0xb0c512a80_535, v0xb0c512a80_536, v0xb0c512a80_537, v0xb0c512a80_538;
v0xb0c512a80_539 .array/port v0xb0c512a80, 539;
v0xb0c512a80_540 .array/port v0xb0c512a80, 540;
v0xb0c512a80_541 .array/port v0xb0c512a80, 541;
v0xb0c512a80_542 .array/port v0xb0c512a80, 542;
E_0xb0d4de040/135 .event anyedge, v0xb0c512a80_539, v0xb0c512a80_540, v0xb0c512a80_541, v0xb0c512a80_542;
v0xb0c512a80_543 .array/port v0xb0c512a80, 543;
v0xb0c512a80_544 .array/port v0xb0c512a80, 544;
v0xb0c512a80_545 .array/port v0xb0c512a80, 545;
v0xb0c512a80_546 .array/port v0xb0c512a80, 546;
E_0xb0d4de040/136 .event anyedge, v0xb0c512a80_543, v0xb0c512a80_544, v0xb0c512a80_545, v0xb0c512a80_546;
v0xb0c512a80_547 .array/port v0xb0c512a80, 547;
v0xb0c512a80_548 .array/port v0xb0c512a80, 548;
v0xb0c512a80_549 .array/port v0xb0c512a80, 549;
v0xb0c512a80_550 .array/port v0xb0c512a80, 550;
E_0xb0d4de040/137 .event anyedge, v0xb0c512a80_547, v0xb0c512a80_548, v0xb0c512a80_549, v0xb0c512a80_550;
v0xb0c512a80_551 .array/port v0xb0c512a80, 551;
v0xb0c512a80_552 .array/port v0xb0c512a80, 552;
v0xb0c512a80_553 .array/port v0xb0c512a80, 553;
v0xb0c512a80_554 .array/port v0xb0c512a80, 554;
E_0xb0d4de040/138 .event anyedge, v0xb0c512a80_551, v0xb0c512a80_552, v0xb0c512a80_553, v0xb0c512a80_554;
v0xb0c512a80_555 .array/port v0xb0c512a80, 555;
v0xb0c512a80_556 .array/port v0xb0c512a80, 556;
v0xb0c512a80_557 .array/port v0xb0c512a80, 557;
v0xb0c512a80_558 .array/port v0xb0c512a80, 558;
E_0xb0d4de040/139 .event anyedge, v0xb0c512a80_555, v0xb0c512a80_556, v0xb0c512a80_557, v0xb0c512a80_558;
v0xb0c512a80_559 .array/port v0xb0c512a80, 559;
v0xb0c512a80_560 .array/port v0xb0c512a80, 560;
v0xb0c512a80_561 .array/port v0xb0c512a80, 561;
v0xb0c512a80_562 .array/port v0xb0c512a80, 562;
E_0xb0d4de040/140 .event anyedge, v0xb0c512a80_559, v0xb0c512a80_560, v0xb0c512a80_561, v0xb0c512a80_562;
v0xb0c512a80_563 .array/port v0xb0c512a80, 563;
v0xb0c512a80_564 .array/port v0xb0c512a80, 564;
v0xb0c512a80_565 .array/port v0xb0c512a80, 565;
v0xb0c512a80_566 .array/port v0xb0c512a80, 566;
E_0xb0d4de040/141 .event anyedge, v0xb0c512a80_563, v0xb0c512a80_564, v0xb0c512a80_565, v0xb0c512a80_566;
v0xb0c512a80_567 .array/port v0xb0c512a80, 567;
v0xb0c512a80_568 .array/port v0xb0c512a80, 568;
v0xb0c512a80_569 .array/port v0xb0c512a80, 569;
v0xb0c512a80_570 .array/port v0xb0c512a80, 570;
E_0xb0d4de040/142 .event anyedge, v0xb0c512a80_567, v0xb0c512a80_568, v0xb0c512a80_569, v0xb0c512a80_570;
v0xb0c512a80_571 .array/port v0xb0c512a80, 571;
v0xb0c512a80_572 .array/port v0xb0c512a80, 572;
v0xb0c512a80_573 .array/port v0xb0c512a80, 573;
v0xb0c512a80_574 .array/port v0xb0c512a80, 574;
E_0xb0d4de040/143 .event anyedge, v0xb0c512a80_571, v0xb0c512a80_572, v0xb0c512a80_573, v0xb0c512a80_574;
v0xb0c512a80_575 .array/port v0xb0c512a80, 575;
v0xb0c512a80_576 .array/port v0xb0c512a80, 576;
v0xb0c512a80_577 .array/port v0xb0c512a80, 577;
v0xb0c512a80_578 .array/port v0xb0c512a80, 578;
E_0xb0d4de040/144 .event anyedge, v0xb0c512a80_575, v0xb0c512a80_576, v0xb0c512a80_577, v0xb0c512a80_578;
v0xb0c512a80_579 .array/port v0xb0c512a80, 579;
v0xb0c512a80_580 .array/port v0xb0c512a80, 580;
v0xb0c512a80_581 .array/port v0xb0c512a80, 581;
v0xb0c512a80_582 .array/port v0xb0c512a80, 582;
E_0xb0d4de040/145 .event anyedge, v0xb0c512a80_579, v0xb0c512a80_580, v0xb0c512a80_581, v0xb0c512a80_582;
v0xb0c512a80_583 .array/port v0xb0c512a80, 583;
v0xb0c512a80_584 .array/port v0xb0c512a80, 584;
v0xb0c512a80_585 .array/port v0xb0c512a80, 585;
v0xb0c512a80_586 .array/port v0xb0c512a80, 586;
E_0xb0d4de040/146 .event anyedge, v0xb0c512a80_583, v0xb0c512a80_584, v0xb0c512a80_585, v0xb0c512a80_586;
v0xb0c512a80_587 .array/port v0xb0c512a80, 587;
v0xb0c512a80_588 .array/port v0xb0c512a80, 588;
v0xb0c512a80_589 .array/port v0xb0c512a80, 589;
v0xb0c512a80_590 .array/port v0xb0c512a80, 590;
E_0xb0d4de040/147 .event anyedge, v0xb0c512a80_587, v0xb0c512a80_588, v0xb0c512a80_589, v0xb0c512a80_590;
v0xb0c512a80_591 .array/port v0xb0c512a80, 591;
v0xb0c512a80_592 .array/port v0xb0c512a80, 592;
v0xb0c512a80_593 .array/port v0xb0c512a80, 593;
v0xb0c512a80_594 .array/port v0xb0c512a80, 594;
E_0xb0d4de040/148 .event anyedge, v0xb0c512a80_591, v0xb0c512a80_592, v0xb0c512a80_593, v0xb0c512a80_594;
v0xb0c512a80_595 .array/port v0xb0c512a80, 595;
v0xb0c512a80_596 .array/port v0xb0c512a80, 596;
v0xb0c512a80_597 .array/port v0xb0c512a80, 597;
v0xb0c512a80_598 .array/port v0xb0c512a80, 598;
E_0xb0d4de040/149 .event anyedge, v0xb0c512a80_595, v0xb0c512a80_596, v0xb0c512a80_597, v0xb0c512a80_598;
v0xb0c512a80_599 .array/port v0xb0c512a80, 599;
v0xb0c512a80_600 .array/port v0xb0c512a80, 600;
v0xb0c512a80_601 .array/port v0xb0c512a80, 601;
v0xb0c512a80_602 .array/port v0xb0c512a80, 602;
E_0xb0d4de040/150 .event anyedge, v0xb0c512a80_599, v0xb0c512a80_600, v0xb0c512a80_601, v0xb0c512a80_602;
v0xb0c512a80_603 .array/port v0xb0c512a80, 603;
v0xb0c512a80_604 .array/port v0xb0c512a80, 604;
v0xb0c512a80_605 .array/port v0xb0c512a80, 605;
v0xb0c512a80_606 .array/port v0xb0c512a80, 606;
E_0xb0d4de040/151 .event anyedge, v0xb0c512a80_603, v0xb0c512a80_604, v0xb0c512a80_605, v0xb0c512a80_606;
v0xb0c512a80_607 .array/port v0xb0c512a80, 607;
v0xb0c512a80_608 .array/port v0xb0c512a80, 608;
v0xb0c512a80_609 .array/port v0xb0c512a80, 609;
v0xb0c512a80_610 .array/port v0xb0c512a80, 610;
E_0xb0d4de040/152 .event anyedge, v0xb0c512a80_607, v0xb0c512a80_608, v0xb0c512a80_609, v0xb0c512a80_610;
v0xb0c512a80_611 .array/port v0xb0c512a80, 611;
v0xb0c512a80_612 .array/port v0xb0c512a80, 612;
v0xb0c512a80_613 .array/port v0xb0c512a80, 613;
v0xb0c512a80_614 .array/port v0xb0c512a80, 614;
E_0xb0d4de040/153 .event anyedge, v0xb0c512a80_611, v0xb0c512a80_612, v0xb0c512a80_613, v0xb0c512a80_614;
v0xb0c512a80_615 .array/port v0xb0c512a80, 615;
v0xb0c512a80_616 .array/port v0xb0c512a80, 616;
v0xb0c512a80_617 .array/port v0xb0c512a80, 617;
v0xb0c512a80_618 .array/port v0xb0c512a80, 618;
E_0xb0d4de040/154 .event anyedge, v0xb0c512a80_615, v0xb0c512a80_616, v0xb0c512a80_617, v0xb0c512a80_618;
v0xb0c512a80_619 .array/port v0xb0c512a80, 619;
v0xb0c512a80_620 .array/port v0xb0c512a80, 620;
v0xb0c512a80_621 .array/port v0xb0c512a80, 621;
v0xb0c512a80_622 .array/port v0xb0c512a80, 622;
E_0xb0d4de040/155 .event anyedge, v0xb0c512a80_619, v0xb0c512a80_620, v0xb0c512a80_621, v0xb0c512a80_622;
v0xb0c512a80_623 .array/port v0xb0c512a80, 623;
v0xb0c512a80_624 .array/port v0xb0c512a80, 624;
v0xb0c512a80_625 .array/port v0xb0c512a80, 625;
v0xb0c512a80_626 .array/port v0xb0c512a80, 626;
E_0xb0d4de040/156 .event anyedge, v0xb0c512a80_623, v0xb0c512a80_624, v0xb0c512a80_625, v0xb0c512a80_626;
v0xb0c512a80_627 .array/port v0xb0c512a80, 627;
v0xb0c512a80_628 .array/port v0xb0c512a80, 628;
v0xb0c512a80_629 .array/port v0xb0c512a80, 629;
v0xb0c512a80_630 .array/port v0xb0c512a80, 630;
E_0xb0d4de040/157 .event anyedge, v0xb0c512a80_627, v0xb0c512a80_628, v0xb0c512a80_629, v0xb0c512a80_630;
v0xb0c512a80_631 .array/port v0xb0c512a80, 631;
v0xb0c512a80_632 .array/port v0xb0c512a80, 632;
v0xb0c512a80_633 .array/port v0xb0c512a80, 633;
v0xb0c512a80_634 .array/port v0xb0c512a80, 634;
E_0xb0d4de040/158 .event anyedge, v0xb0c512a80_631, v0xb0c512a80_632, v0xb0c512a80_633, v0xb0c512a80_634;
v0xb0c512a80_635 .array/port v0xb0c512a80, 635;
v0xb0c512a80_636 .array/port v0xb0c512a80, 636;
v0xb0c512a80_637 .array/port v0xb0c512a80, 637;
v0xb0c512a80_638 .array/port v0xb0c512a80, 638;
E_0xb0d4de040/159 .event anyedge, v0xb0c512a80_635, v0xb0c512a80_636, v0xb0c512a80_637, v0xb0c512a80_638;
v0xb0c512a80_639 .array/port v0xb0c512a80, 639;
v0xb0c512a80_640 .array/port v0xb0c512a80, 640;
v0xb0c512a80_641 .array/port v0xb0c512a80, 641;
v0xb0c512a80_642 .array/port v0xb0c512a80, 642;
E_0xb0d4de040/160 .event anyedge, v0xb0c512a80_639, v0xb0c512a80_640, v0xb0c512a80_641, v0xb0c512a80_642;
v0xb0c512a80_643 .array/port v0xb0c512a80, 643;
v0xb0c512a80_644 .array/port v0xb0c512a80, 644;
v0xb0c512a80_645 .array/port v0xb0c512a80, 645;
v0xb0c512a80_646 .array/port v0xb0c512a80, 646;
E_0xb0d4de040/161 .event anyedge, v0xb0c512a80_643, v0xb0c512a80_644, v0xb0c512a80_645, v0xb0c512a80_646;
v0xb0c512a80_647 .array/port v0xb0c512a80, 647;
v0xb0c512a80_648 .array/port v0xb0c512a80, 648;
v0xb0c512a80_649 .array/port v0xb0c512a80, 649;
v0xb0c512a80_650 .array/port v0xb0c512a80, 650;
E_0xb0d4de040/162 .event anyedge, v0xb0c512a80_647, v0xb0c512a80_648, v0xb0c512a80_649, v0xb0c512a80_650;
v0xb0c512a80_651 .array/port v0xb0c512a80, 651;
v0xb0c512a80_652 .array/port v0xb0c512a80, 652;
v0xb0c512a80_653 .array/port v0xb0c512a80, 653;
v0xb0c512a80_654 .array/port v0xb0c512a80, 654;
E_0xb0d4de040/163 .event anyedge, v0xb0c512a80_651, v0xb0c512a80_652, v0xb0c512a80_653, v0xb0c512a80_654;
v0xb0c512a80_655 .array/port v0xb0c512a80, 655;
v0xb0c512a80_656 .array/port v0xb0c512a80, 656;
v0xb0c512a80_657 .array/port v0xb0c512a80, 657;
v0xb0c512a80_658 .array/port v0xb0c512a80, 658;
E_0xb0d4de040/164 .event anyedge, v0xb0c512a80_655, v0xb0c512a80_656, v0xb0c512a80_657, v0xb0c512a80_658;
v0xb0c512a80_659 .array/port v0xb0c512a80, 659;
v0xb0c512a80_660 .array/port v0xb0c512a80, 660;
v0xb0c512a80_661 .array/port v0xb0c512a80, 661;
v0xb0c512a80_662 .array/port v0xb0c512a80, 662;
E_0xb0d4de040/165 .event anyedge, v0xb0c512a80_659, v0xb0c512a80_660, v0xb0c512a80_661, v0xb0c512a80_662;
v0xb0c512a80_663 .array/port v0xb0c512a80, 663;
v0xb0c512a80_664 .array/port v0xb0c512a80, 664;
v0xb0c512a80_665 .array/port v0xb0c512a80, 665;
v0xb0c512a80_666 .array/port v0xb0c512a80, 666;
E_0xb0d4de040/166 .event anyedge, v0xb0c512a80_663, v0xb0c512a80_664, v0xb0c512a80_665, v0xb0c512a80_666;
v0xb0c512a80_667 .array/port v0xb0c512a80, 667;
v0xb0c512a80_668 .array/port v0xb0c512a80, 668;
v0xb0c512a80_669 .array/port v0xb0c512a80, 669;
v0xb0c512a80_670 .array/port v0xb0c512a80, 670;
E_0xb0d4de040/167 .event anyedge, v0xb0c512a80_667, v0xb0c512a80_668, v0xb0c512a80_669, v0xb0c512a80_670;
v0xb0c512a80_671 .array/port v0xb0c512a80, 671;
v0xb0c512a80_672 .array/port v0xb0c512a80, 672;
v0xb0c512a80_673 .array/port v0xb0c512a80, 673;
v0xb0c512a80_674 .array/port v0xb0c512a80, 674;
E_0xb0d4de040/168 .event anyedge, v0xb0c512a80_671, v0xb0c512a80_672, v0xb0c512a80_673, v0xb0c512a80_674;
v0xb0c512a80_675 .array/port v0xb0c512a80, 675;
v0xb0c512a80_676 .array/port v0xb0c512a80, 676;
v0xb0c512a80_677 .array/port v0xb0c512a80, 677;
v0xb0c512a80_678 .array/port v0xb0c512a80, 678;
E_0xb0d4de040/169 .event anyedge, v0xb0c512a80_675, v0xb0c512a80_676, v0xb0c512a80_677, v0xb0c512a80_678;
v0xb0c512a80_679 .array/port v0xb0c512a80, 679;
v0xb0c512a80_680 .array/port v0xb0c512a80, 680;
v0xb0c512a80_681 .array/port v0xb0c512a80, 681;
v0xb0c512a80_682 .array/port v0xb0c512a80, 682;
E_0xb0d4de040/170 .event anyedge, v0xb0c512a80_679, v0xb0c512a80_680, v0xb0c512a80_681, v0xb0c512a80_682;
v0xb0c512a80_683 .array/port v0xb0c512a80, 683;
v0xb0c512a80_684 .array/port v0xb0c512a80, 684;
v0xb0c512a80_685 .array/port v0xb0c512a80, 685;
v0xb0c512a80_686 .array/port v0xb0c512a80, 686;
E_0xb0d4de040/171 .event anyedge, v0xb0c512a80_683, v0xb0c512a80_684, v0xb0c512a80_685, v0xb0c512a80_686;
v0xb0c512a80_687 .array/port v0xb0c512a80, 687;
v0xb0c512a80_688 .array/port v0xb0c512a80, 688;
v0xb0c512a80_689 .array/port v0xb0c512a80, 689;
v0xb0c512a80_690 .array/port v0xb0c512a80, 690;
E_0xb0d4de040/172 .event anyedge, v0xb0c512a80_687, v0xb0c512a80_688, v0xb0c512a80_689, v0xb0c512a80_690;
v0xb0c512a80_691 .array/port v0xb0c512a80, 691;
v0xb0c512a80_692 .array/port v0xb0c512a80, 692;
v0xb0c512a80_693 .array/port v0xb0c512a80, 693;
v0xb0c512a80_694 .array/port v0xb0c512a80, 694;
E_0xb0d4de040/173 .event anyedge, v0xb0c512a80_691, v0xb0c512a80_692, v0xb0c512a80_693, v0xb0c512a80_694;
v0xb0c512a80_695 .array/port v0xb0c512a80, 695;
v0xb0c512a80_696 .array/port v0xb0c512a80, 696;
v0xb0c512a80_697 .array/port v0xb0c512a80, 697;
v0xb0c512a80_698 .array/port v0xb0c512a80, 698;
E_0xb0d4de040/174 .event anyedge, v0xb0c512a80_695, v0xb0c512a80_696, v0xb0c512a80_697, v0xb0c512a80_698;
v0xb0c512a80_699 .array/port v0xb0c512a80, 699;
v0xb0c512a80_700 .array/port v0xb0c512a80, 700;
v0xb0c512a80_701 .array/port v0xb0c512a80, 701;
v0xb0c512a80_702 .array/port v0xb0c512a80, 702;
E_0xb0d4de040/175 .event anyedge, v0xb0c512a80_699, v0xb0c512a80_700, v0xb0c512a80_701, v0xb0c512a80_702;
v0xb0c512a80_703 .array/port v0xb0c512a80, 703;
v0xb0c512a80_704 .array/port v0xb0c512a80, 704;
v0xb0c512a80_705 .array/port v0xb0c512a80, 705;
v0xb0c512a80_706 .array/port v0xb0c512a80, 706;
E_0xb0d4de040/176 .event anyedge, v0xb0c512a80_703, v0xb0c512a80_704, v0xb0c512a80_705, v0xb0c512a80_706;
v0xb0c512a80_707 .array/port v0xb0c512a80, 707;
v0xb0c512a80_708 .array/port v0xb0c512a80, 708;
v0xb0c512a80_709 .array/port v0xb0c512a80, 709;
v0xb0c512a80_710 .array/port v0xb0c512a80, 710;
E_0xb0d4de040/177 .event anyedge, v0xb0c512a80_707, v0xb0c512a80_708, v0xb0c512a80_709, v0xb0c512a80_710;
v0xb0c512a80_711 .array/port v0xb0c512a80, 711;
v0xb0c512a80_712 .array/port v0xb0c512a80, 712;
v0xb0c512a80_713 .array/port v0xb0c512a80, 713;
v0xb0c512a80_714 .array/port v0xb0c512a80, 714;
E_0xb0d4de040/178 .event anyedge, v0xb0c512a80_711, v0xb0c512a80_712, v0xb0c512a80_713, v0xb0c512a80_714;
v0xb0c512a80_715 .array/port v0xb0c512a80, 715;
v0xb0c512a80_716 .array/port v0xb0c512a80, 716;
v0xb0c512a80_717 .array/port v0xb0c512a80, 717;
v0xb0c512a80_718 .array/port v0xb0c512a80, 718;
E_0xb0d4de040/179 .event anyedge, v0xb0c512a80_715, v0xb0c512a80_716, v0xb0c512a80_717, v0xb0c512a80_718;
v0xb0c512a80_719 .array/port v0xb0c512a80, 719;
v0xb0c512a80_720 .array/port v0xb0c512a80, 720;
v0xb0c512a80_721 .array/port v0xb0c512a80, 721;
v0xb0c512a80_722 .array/port v0xb0c512a80, 722;
E_0xb0d4de040/180 .event anyedge, v0xb0c512a80_719, v0xb0c512a80_720, v0xb0c512a80_721, v0xb0c512a80_722;
v0xb0c512a80_723 .array/port v0xb0c512a80, 723;
v0xb0c512a80_724 .array/port v0xb0c512a80, 724;
v0xb0c512a80_725 .array/port v0xb0c512a80, 725;
v0xb0c512a80_726 .array/port v0xb0c512a80, 726;
E_0xb0d4de040/181 .event anyedge, v0xb0c512a80_723, v0xb0c512a80_724, v0xb0c512a80_725, v0xb0c512a80_726;
v0xb0c512a80_727 .array/port v0xb0c512a80, 727;
v0xb0c512a80_728 .array/port v0xb0c512a80, 728;
v0xb0c512a80_729 .array/port v0xb0c512a80, 729;
v0xb0c512a80_730 .array/port v0xb0c512a80, 730;
E_0xb0d4de040/182 .event anyedge, v0xb0c512a80_727, v0xb0c512a80_728, v0xb0c512a80_729, v0xb0c512a80_730;
v0xb0c512a80_731 .array/port v0xb0c512a80, 731;
v0xb0c512a80_732 .array/port v0xb0c512a80, 732;
v0xb0c512a80_733 .array/port v0xb0c512a80, 733;
v0xb0c512a80_734 .array/port v0xb0c512a80, 734;
E_0xb0d4de040/183 .event anyedge, v0xb0c512a80_731, v0xb0c512a80_732, v0xb0c512a80_733, v0xb0c512a80_734;
v0xb0c512a80_735 .array/port v0xb0c512a80, 735;
v0xb0c512a80_736 .array/port v0xb0c512a80, 736;
v0xb0c512a80_737 .array/port v0xb0c512a80, 737;
v0xb0c512a80_738 .array/port v0xb0c512a80, 738;
E_0xb0d4de040/184 .event anyedge, v0xb0c512a80_735, v0xb0c512a80_736, v0xb0c512a80_737, v0xb0c512a80_738;
v0xb0c512a80_739 .array/port v0xb0c512a80, 739;
v0xb0c512a80_740 .array/port v0xb0c512a80, 740;
v0xb0c512a80_741 .array/port v0xb0c512a80, 741;
v0xb0c512a80_742 .array/port v0xb0c512a80, 742;
E_0xb0d4de040/185 .event anyedge, v0xb0c512a80_739, v0xb0c512a80_740, v0xb0c512a80_741, v0xb0c512a80_742;
v0xb0c512a80_743 .array/port v0xb0c512a80, 743;
v0xb0c512a80_744 .array/port v0xb0c512a80, 744;
v0xb0c512a80_745 .array/port v0xb0c512a80, 745;
v0xb0c512a80_746 .array/port v0xb0c512a80, 746;
E_0xb0d4de040/186 .event anyedge, v0xb0c512a80_743, v0xb0c512a80_744, v0xb0c512a80_745, v0xb0c512a80_746;
v0xb0c512a80_747 .array/port v0xb0c512a80, 747;
v0xb0c512a80_748 .array/port v0xb0c512a80, 748;
v0xb0c512a80_749 .array/port v0xb0c512a80, 749;
v0xb0c512a80_750 .array/port v0xb0c512a80, 750;
E_0xb0d4de040/187 .event anyedge, v0xb0c512a80_747, v0xb0c512a80_748, v0xb0c512a80_749, v0xb0c512a80_750;
v0xb0c512a80_751 .array/port v0xb0c512a80, 751;
v0xb0c512a80_752 .array/port v0xb0c512a80, 752;
v0xb0c512a80_753 .array/port v0xb0c512a80, 753;
v0xb0c512a80_754 .array/port v0xb0c512a80, 754;
E_0xb0d4de040/188 .event anyedge, v0xb0c512a80_751, v0xb0c512a80_752, v0xb0c512a80_753, v0xb0c512a80_754;
v0xb0c512a80_755 .array/port v0xb0c512a80, 755;
v0xb0c512a80_756 .array/port v0xb0c512a80, 756;
v0xb0c512a80_757 .array/port v0xb0c512a80, 757;
v0xb0c512a80_758 .array/port v0xb0c512a80, 758;
E_0xb0d4de040/189 .event anyedge, v0xb0c512a80_755, v0xb0c512a80_756, v0xb0c512a80_757, v0xb0c512a80_758;
v0xb0c512a80_759 .array/port v0xb0c512a80, 759;
v0xb0c512a80_760 .array/port v0xb0c512a80, 760;
v0xb0c512a80_761 .array/port v0xb0c512a80, 761;
v0xb0c512a80_762 .array/port v0xb0c512a80, 762;
E_0xb0d4de040/190 .event anyedge, v0xb0c512a80_759, v0xb0c512a80_760, v0xb0c512a80_761, v0xb0c512a80_762;
v0xb0c512a80_763 .array/port v0xb0c512a80, 763;
v0xb0c512a80_764 .array/port v0xb0c512a80, 764;
v0xb0c512a80_765 .array/port v0xb0c512a80, 765;
v0xb0c512a80_766 .array/port v0xb0c512a80, 766;
E_0xb0d4de040/191 .event anyedge, v0xb0c512a80_763, v0xb0c512a80_764, v0xb0c512a80_765, v0xb0c512a80_766;
v0xb0c512a80_767 .array/port v0xb0c512a80, 767;
v0xb0c512a80_768 .array/port v0xb0c512a80, 768;
v0xb0c512a80_769 .array/port v0xb0c512a80, 769;
v0xb0c512a80_770 .array/port v0xb0c512a80, 770;
E_0xb0d4de040/192 .event anyedge, v0xb0c512a80_767, v0xb0c512a80_768, v0xb0c512a80_769, v0xb0c512a80_770;
v0xb0c512a80_771 .array/port v0xb0c512a80, 771;
v0xb0c512a80_772 .array/port v0xb0c512a80, 772;
v0xb0c512a80_773 .array/port v0xb0c512a80, 773;
v0xb0c512a80_774 .array/port v0xb0c512a80, 774;
E_0xb0d4de040/193 .event anyedge, v0xb0c512a80_771, v0xb0c512a80_772, v0xb0c512a80_773, v0xb0c512a80_774;
v0xb0c512a80_775 .array/port v0xb0c512a80, 775;
v0xb0c512a80_776 .array/port v0xb0c512a80, 776;
v0xb0c512a80_777 .array/port v0xb0c512a80, 777;
v0xb0c512a80_778 .array/port v0xb0c512a80, 778;
E_0xb0d4de040/194 .event anyedge, v0xb0c512a80_775, v0xb0c512a80_776, v0xb0c512a80_777, v0xb0c512a80_778;
v0xb0c512a80_779 .array/port v0xb0c512a80, 779;
v0xb0c512a80_780 .array/port v0xb0c512a80, 780;
v0xb0c512a80_781 .array/port v0xb0c512a80, 781;
v0xb0c512a80_782 .array/port v0xb0c512a80, 782;
E_0xb0d4de040/195 .event anyedge, v0xb0c512a80_779, v0xb0c512a80_780, v0xb0c512a80_781, v0xb0c512a80_782;
v0xb0c512a80_783 .array/port v0xb0c512a80, 783;
v0xb0c512a80_784 .array/port v0xb0c512a80, 784;
v0xb0c512a80_785 .array/port v0xb0c512a80, 785;
v0xb0c512a80_786 .array/port v0xb0c512a80, 786;
E_0xb0d4de040/196 .event anyedge, v0xb0c512a80_783, v0xb0c512a80_784, v0xb0c512a80_785, v0xb0c512a80_786;
v0xb0c512a80_787 .array/port v0xb0c512a80, 787;
v0xb0c512a80_788 .array/port v0xb0c512a80, 788;
v0xb0c512a80_789 .array/port v0xb0c512a80, 789;
v0xb0c512a80_790 .array/port v0xb0c512a80, 790;
E_0xb0d4de040/197 .event anyedge, v0xb0c512a80_787, v0xb0c512a80_788, v0xb0c512a80_789, v0xb0c512a80_790;
v0xb0c512a80_791 .array/port v0xb0c512a80, 791;
v0xb0c512a80_792 .array/port v0xb0c512a80, 792;
v0xb0c512a80_793 .array/port v0xb0c512a80, 793;
v0xb0c512a80_794 .array/port v0xb0c512a80, 794;
E_0xb0d4de040/198 .event anyedge, v0xb0c512a80_791, v0xb0c512a80_792, v0xb0c512a80_793, v0xb0c512a80_794;
v0xb0c512a80_795 .array/port v0xb0c512a80, 795;
v0xb0c512a80_796 .array/port v0xb0c512a80, 796;
v0xb0c512a80_797 .array/port v0xb0c512a80, 797;
v0xb0c512a80_798 .array/port v0xb0c512a80, 798;
E_0xb0d4de040/199 .event anyedge, v0xb0c512a80_795, v0xb0c512a80_796, v0xb0c512a80_797, v0xb0c512a80_798;
v0xb0c512a80_799 .array/port v0xb0c512a80, 799;
v0xb0c512a80_800 .array/port v0xb0c512a80, 800;
v0xb0c512a80_801 .array/port v0xb0c512a80, 801;
v0xb0c512a80_802 .array/port v0xb0c512a80, 802;
E_0xb0d4de040/200 .event anyedge, v0xb0c512a80_799, v0xb0c512a80_800, v0xb0c512a80_801, v0xb0c512a80_802;
v0xb0c512a80_803 .array/port v0xb0c512a80, 803;
v0xb0c512a80_804 .array/port v0xb0c512a80, 804;
v0xb0c512a80_805 .array/port v0xb0c512a80, 805;
v0xb0c512a80_806 .array/port v0xb0c512a80, 806;
E_0xb0d4de040/201 .event anyedge, v0xb0c512a80_803, v0xb0c512a80_804, v0xb0c512a80_805, v0xb0c512a80_806;
v0xb0c512a80_807 .array/port v0xb0c512a80, 807;
v0xb0c512a80_808 .array/port v0xb0c512a80, 808;
v0xb0c512a80_809 .array/port v0xb0c512a80, 809;
v0xb0c512a80_810 .array/port v0xb0c512a80, 810;
E_0xb0d4de040/202 .event anyedge, v0xb0c512a80_807, v0xb0c512a80_808, v0xb0c512a80_809, v0xb0c512a80_810;
v0xb0c512a80_811 .array/port v0xb0c512a80, 811;
v0xb0c512a80_812 .array/port v0xb0c512a80, 812;
v0xb0c512a80_813 .array/port v0xb0c512a80, 813;
v0xb0c512a80_814 .array/port v0xb0c512a80, 814;
E_0xb0d4de040/203 .event anyedge, v0xb0c512a80_811, v0xb0c512a80_812, v0xb0c512a80_813, v0xb0c512a80_814;
v0xb0c512a80_815 .array/port v0xb0c512a80, 815;
v0xb0c512a80_816 .array/port v0xb0c512a80, 816;
v0xb0c512a80_817 .array/port v0xb0c512a80, 817;
v0xb0c512a80_818 .array/port v0xb0c512a80, 818;
E_0xb0d4de040/204 .event anyedge, v0xb0c512a80_815, v0xb0c512a80_816, v0xb0c512a80_817, v0xb0c512a80_818;
v0xb0c512a80_819 .array/port v0xb0c512a80, 819;
v0xb0c512a80_820 .array/port v0xb0c512a80, 820;
v0xb0c512a80_821 .array/port v0xb0c512a80, 821;
v0xb0c512a80_822 .array/port v0xb0c512a80, 822;
E_0xb0d4de040/205 .event anyedge, v0xb0c512a80_819, v0xb0c512a80_820, v0xb0c512a80_821, v0xb0c512a80_822;
v0xb0c512a80_823 .array/port v0xb0c512a80, 823;
v0xb0c512a80_824 .array/port v0xb0c512a80, 824;
v0xb0c512a80_825 .array/port v0xb0c512a80, 825;
v0xb0c512a80_826 .array/port v0xb0c512a80, 826;
E_0xb0d4de040/206 .event anyedge, v0xb0c512a80_823, v0xb0c512a80_824, v0xb0c512a80_825, v0xb0c512a80_826;
v0xb0c512a80_827 .array/port v0xb0c512a80, 827;
v0xb0c512a80_828 .array/port v0xb0c512a80, 828;
v0xb0c512a80_829 .array/port v0xb0c512a80, 829;
v0xb0c512a80_830 .array/port v0xb0c512a80, 830;
E_0xb0d4de040/207 .event anyedge, v0xb0c512a80_827, v0xb0c512a80_828, v0xb0c512a80_829, v0xb0c512a80_830;
v0xb0c512a80_831 .array/port v0xb0c512a80, 831;
v0xb0c512a80_832 .array/port v0xb0c512a80, 832;
v0xb0c512a80_833 .array/port v0xb0c512a80, 833;
v0xb0c512a80_834 .array/port v0xb0c512a80, 834;
E_0xb0d4de040/208 .event anyedge, v0xb0c512a80_831, v0xb0c512a80_832, v0xb0c512a80_833, v0xb0c512a80_834;
v0xb0c512a80_835 .array/port v0xb0c512a80, 835;
v0xb0c512a80_836 .array/port v0xb0c512a80, 836;
v0xb0c512a80_837 .array/port v0xb0c512a80, 837;
v0xb0c512a80_838 .array/port v0xb0c512a80, 838;
E_0xb0d4de040/209 .event anyedge, v0xb0c512a80_835, v0xb0c512a80_836, v0xb0c512a80_837, v0xb0c512a80_838;
v0xb0c512a80_839 .array/port v0xb0c512a80, 839;
v0xb0c512a80_840 .array/port v0xb0c512a80, 840;
v0xb0c512a80_841 .array/port v0xb0c512a80, 841;
v0xb0c512a80_842 .array/port v0xb0c512a80, 842;
E_0xb0d4de040/210 .event anyedge, v0xb0c512a80_839, v0xb0c512a80_840, v0xb0c512a80_841, v0xb0c512a80_842;
v0xb0c512a80_843 .array/port v0xb0c512a80, 843;
v0xb0c512a80_844 .array/port v0xb0c512a80, 844;
v0xb0c512a80_845 .array/port v0xb0c512a80, 845;
v0xb0c512a80_846 .array/port v0xb0c512a80, 846;
E_0xb0d4de040/211 .event anyedge, v0xb0c512a80_843, v0xb0c512a80_844, v0xb0c512a80_845, v0xb0c512a80_846;
v0xb0c512a80_847 .array/port v0xb0c512a80, 847;
v0xb0c512a80_848 .array/port v0xb0c512a80, 848;
v0xb0c512a80_849 .array/port v0xb0c512a80, 849;
v0xb0c512a80_850 .array/port v0xb0c512a80, 850;
E_0xb0d4de040/212 .event anyedge, v0xb0c512a80_847, v0xb0c512a80_848, v0xb0c512a80_849, v0xb0c512a80_850;
v0xb0c512a80_851 .array/port v0xb0c512a80, 851;
v0xb0c512a80_852 .array/port v0xb0c512a80, 852;
v0xb0c512a80_853 .array/port v0xb0c512a80, 853;
v0xb0c512a80_854 .array/port v0xb0c512a80, 854;
E_0xb0d4de040/213 .event anyedge, v0xb0c512a80_851, v0xb0c512a80_852, v0xb0c512a80_853, v0xb0c512a80_854;
v0xb0c512a80_855 .array/port v0xb0c512a80, 855;
v0xb0c512a80_856 .array/port v0xb0c512a80, 856;
v0xb0c512a80_857 .array/port v0xb0c512a80, 857;
v0xb0c512a80_858 .array/port v0xb0c512a80, 858;
E_0xb0d4de040/214 .event anyedge, v0xb0c512a80_855, v0xb0c512a80_856, v0xb0c512a80_857, v0xb0c512a80_858;
v0xb0c512a80_859 .array/port v0xb0c512a80, 859;
v0xb0c512a80_860 .array/port v0xb0c512a80, 860;
v0xb0c512a80_861 .array/port v0xb0c512a80, 861;
v0xb0c512a80_862 .array/port v0xb0c512a80, 862;
E_0xb0d4de040/215 .event anyedge, v0xb0c512a80_859, v0xb0c512a80_860, v0xb0c512a80_861, v0xb0c512a80_862;
v0xb0c512a80_863 .array/port v0xb0c512a80, 863;
v0xb0c512a80_864 .array/port v0xb0c512a80, 864;
v0xb0c512a80_865 .array/port v0xb0c512a80, 865;
v0xb0c512a80_866 .array/port v0xb0c512a80, 866;
E_0xb0d4de040/216 .event anyedge, v0xb0c512a80_863, v0xb0c512a80_864, v0xb0c512a80_865, v0xb0c512a80_866;
v0xb0c512a80_867 .array/port v0xb0c512a80, 867;
v0xb0c512a80_868 .array/port v0xb0c512a80, 868;
v0xb0c512a80_869 .array/port v0xb0c512a80, 869;
v0xb0c512a80_870 .array/port v0xb0c512a80, 870;
E_0xb0d4de040/217 .event anyedge, v0xb0c512a80_867, v0xb0c512a80_868, v0xb0c512a80_869, v0xb0c512a80_870;
v0xb0c512a80_871 .array/port v0xb0c512a80, 871;
v0xb0c512a80_872 .array/port v0xb0c512a80, 872;
v0xb0c512a80_873 .array/port v0xb0c512a80, 873;
v0xb0c512a80_874 .array/port v0xb0c512a80, 874;
E_0xb0d4de040/218 .event anyedge, v0xb0c512a80_871, v0xb0c512a80_872, v0xb0c512a80_873, v0xb0c512a80_874;
v0xb0c512a80_875 .array/port v0xb0c512a80, 875;
v0xb0c512a80_876 .array/port v0xb0c512a80, 876;
v0xb0c512a80_877 .array/port v0xb0c512a80, 877;
v0xb0c512a80_878 .array/port v0xb0c512a80, 878;
E_0xb0d4de040/219 .event anyedge, v0xb0c512a80_875, v0xb0c512a80_876, v0xb0c512a80_877, v0xb0c512a80_878;
v0xb0c512a80_879 .array/port v0xb0c512a80, 879;
v0xb0c512a80_880 .array/port v0xb0c512a80, 880;
v0xb0c512a80_881 .array/port v0xb0c512a80, 881;
v0xb0c512a80_882 .array/port v0xb0c512a80, 882;
E_0xb0d4de040/220 .event anyedge, v0xb0c512a80_879, v0xb0c512a80_880, v0xb0c512a80_881, v0xb0c512a80_882;
v0xb0c512a80_883 .array/port v0xb0c512a80, 883;
v0xb0c512a80_884 .array/port v0xb0c512a80, 884;
v0xb0c512a80_885 .array/port v0xb0c512a80, 885;
v0xb0c512a80_886 .array/port v0xb0c512a80, 886;
E_0xb0d4de040/221 .event anyedge, v0xb0c512a80_883, v0xb0c512a80_884, v0xb0c512a80_885, v0xb0c512a80_886;
v0xb0c512a80_887 .array/port v0xb0c512a80, 887;
v0xb0c512a80_888 .array/port v0xb0c512a80, 888;
v0xb0c512a80_889 .array/port v0xb0c512a80, 889;
v0xb0c512a80_890 .array/port v0xb0c512a80, 890;
E_0xb0d4de040/222 .event anyedge, v0xb0c512a80_887, v0xb0c512a80_888, v0xb0c512a80_889, v0xb0c512a80_890;
v0xb0c512a80_891 .array/port v0xb0c512a80, 891;
v0xb0c512a80_892 .array/port v0xb0c512a80, 892;
v0xb0c512a80_893 .array/port v0xb0c512a80, 893;
v0xb0c512a80_894 .array/port v0xb0c512a80, 894;
E_0xb0d4de040/223 .event anyedge, v0xb0c512a80_891, v0xb0c512a80_892, v0xb0c512a80_893, v0xb0c512a80_894;
v0xb0c512a80_895 .array/port v0xb0c512a80, 895;
v0xb0c512a80_896 .array/port v0xb0c512a80, 896;
v0xb0c512a80_897 .array/port v0xb0c512a80, 897;
v0xb0c512a80_898 .array/port v0xb0c512a80, 898;
E_0xb0d4de040/224 .event anyedge, v0xb0c512a80_895, v0xb0c512a80_896, v0xb0c512a80_897, v0xb0c512a80_898;
v0xb0c512a80_899 .array/port v0xb0c512a80, 899;
v0xb0c512a80_900 .array/port v0xb0c512a80, 900;
v0xb0c512a80_901 .array/port v0xb0c512a80, 901;
v0xb0c512a80_902 .array/port v0xb0c512a80, 902;
E_0xb0d4de040/225 .event anyedge, v0xb0c512a80_899, v0xb0c512a80_900, v0xb0c512a80_901, v0xb0c512a80_902;
v0xb0c512a80_903 .array/port v0xb0c512a80, 903;
v0xb0c512a80_904 .array/port v0xb0c512a80, 904;
v0xb0c512a80_905 .array/port v0xb0c512a80, 905;
v0xb0c512a80_906 .array/port v0xb0c512a80, 906;
E_0xb0d4de040/226 .event anyedge, v0xb0c512a80_903, v0xb0c512a80_904, v0xb0c512a80_905, v0xb0c512a80_906;
v0xb0c512a80_907 .array/port v0xb0c512a80, 907;
v0xb0c512a80_908 .array/port v0xb0c512a80, 908;
v0xb0c512a80_909 .array/port v0xb0c512a80, 909;
v0xb0c512a80_910 .array/port v0xb0c512a80, 910;
E_0xb0d4de040/227 .event anyedge, v0xb0c512a80_907, v0xb0c512a80_908, v0xb0c512a80_909, v0xb0c512a80_910;
v0xb0c512a80_911 .array/port v0xb0c512a80, 911;
v0xb0c512a80_912 .array/port v0xb0c512a80, 912;
v0xb0c512a80_913 .array/port v0xb0c512a80, 913;
v0xb0c512a80_914 .array/port v0xb0c512a80, 914;
E_0xb0d4de040/228 .event anyedge, v0xb0c512a80_911, v0xb0c512a80_912, v0xb0c512a80_913, v0xb0c512a80_914;
v0xb0c512a80_915 .array/port v0xb0c512a80, 915;
v0xb0c512a80_916 .array/port v0xb0c512a80, 916;
v0xb0c512a80_917 .array/port v0xb0c512a80, 917;
v0xb0c512a80_918 .array/port v0xb0c512a80, 918;
E_0xb0d4de040/229 .event anyedge, v0xb0c512a80_915, v0xb0c512a80_916, v0xb0c512a80_917, v0xb0c512a80_918;
v0xb0c512a80_919 .array/port v0xb0c512a80, 919;
v0xb0c512a80_920 .array/port v0xb0c512a80, 920;
v0xb0c512a80_921 .array/port v0xb0c512a80, 921;
v0xb0c512a80_922 .array/port v0xb0c512a80, 922;
E_0xb0d4de040/230 .event anyedge, v0xb0c512a80_919, v0xb0c512a80_920, v0xb0c512a80_921, v0xb0c512a80_922;
v0xb0c512a80_923 .array/port v0xb0c512a80, 923;
v0xb0c512a80_924 .array/port v0xb0c512a80, 924;
v0xb0c512a80_925 .array/port v0xb0c512a80, 925;
v0xb0c512a80_926 .array/port v0xb0c512a80, 926;
E_0xb0d4de040/231 .event anyedge, v0xb0c512a80_923, v0xb0c512a80_924, v0xb0c512a80_925, v0xb0c512a80_926;
v0xb0c512a80_927 .array/port v0xb0c512a80, 927;
v0xb0c512a80_928 .array/port v0xb0c512a80, 928;
v0xb0c512a80_929 .array/port v0xb0c512a80, 929;
v0xb0c512a80_930 .array/port v0xb0c512a80, 930;
E_0xb0d4de040/232 .event anyedge, v0xb0c512a80_927, v0xb0c512a80_928, v0xb0c512a80_929, v0xb0c512a80_930;
v0xb0c512a80_931 .array/port v0xb0c512a80, 931;
v0xb0c512a80_932 .array/port v0xb0c512a80, 932;
v0xb0c512a80_933 .array/port v0xb0c512a80, 933;
v0xb0c512a80_934 .array/port v0xb0c512a80, 934;
E_0xb0d4de040/233 .event anyedge, v0xb0c512a80_931, v0xb0c512a80_932, v0xb0c512a80_933, v0xb0c512a80_934;
v0xb0c512a80_935 .array/port v0xb0c512a80, 935;
v0xb0c512a80_936 .array/port v0xb0c512a80, 936;
v0xb0c512a80_937 .array/port v0xb0c512a80, 937;
v0xb0c512a80_938 .array/port v0xb0c512a80, 938;
E_0xb0d4de040/234 .event anyedge, v0xb0c512a80_935, v0xb0c512a80_936, v0xb0c512a80_937, v0xb0c512a80_938;
v0xb0c512a80_939 .array/port v0xb0c512a80, 939;
v0xb0c512a80_940 .array/port v0xb0c512a80, 940;
v0xb0c512a80_941 .array/port v0xb0c512a80, 941;
v0xb0c512a80_942 .array/port v0xb0c512a80, 942;
E_0xb0d4de040/235 .event anyedge, v0xb0c512a80_939, v0xb0c512a80_940, v0xb0c512a80_941, v0xb0c512a80_942;
v0xb0c512a80_943 .array/port v0xb0c512a80, 943;
v0xb0c512a80_944 .array/port v0xb0c512a80, 944;
v0xb0c512a80_945 .array/port v0xb0c512a80, 945;
v0xb0c512a80_946 .array/port v0xb0c512a80, 946;
E_0xb0d4de040/236 .event anyedge, v0xb0c512a80_943, v0xb0c512a80_944, v0xb0c512a80_945, v0xb0c512a80_946;
v0xb0c512a80_947 .array/port v0xb0c512a80, 947;
v0xb0c512a80_948 .array/port v0xb0c512a80, 948;
v0xb0c512a80_949 .array/port v0xb0c512a80, 949;
v0xb0c512a80_950 .array/port v0xb0c512a80, 950;
E_0xb0d4de040/237 .event anyedge, v0xb0c512a80_947, v0xb0c512a80_948, v0xb0c512a80_949, v0xb0c512a80_950;
v0xb0c512a80_951 .array/port v0xb0c512a80, 951;
v0xb0c512a80_952 .array/port v0xb0c512a80, 952;
v0xb0c512a80_953 .array/port v0xb0c512a80, 953;
v0xb0c512a80_954 .array/port v0xb0c512a80, 954;
E_0xb0d4de040/238 .event anyedge, v0xb0c512a80_951, v0xb0c512a80_952, v0xb0c512a80_953, v0xb0c512a80_954;
v0xb0c512a80_955 .array/port v0xb0c512a80, 955;
v0xb0c512a80_956 .array/port v0xb0c512a80, 956;
v0xb0c512a80_957 .array/port v0xb0c512a80, 957;
v0xb0c512a80_958 .array/port v0xb0c512a80, 958;
E_0xb0d4de040/239 .event anyedge, v0xb0c512a80_955, v0xb0c512a80_956, v0xb0c512a80_957, v0xb0c512a80_958;
v0xb0c512a80_959 .array/port v0xb0c512a80, 959;
v0xb0c512a80_960 .array/port v0xb0c512a80, 960;
v0xb0c512a80_961 .array/port v0xb0c512a80, 961;
v0xb0c512a80_962 .array/port v0xb0c512a80, 962;
E_0xb0d4de040/240 .event anyedge, v0xb0c512a80_959, v0xb0c512a80_960, v0xb0c512a80_961, v0xb0c512a80_962;
v0xb0c512a80_963 .array/port v0xb0c512a80, 963;
v0xb0c512a80_964 .array/port v0xb0c512a80, 964;
v0xb0c512a80_965 .array/port v0xb0c512a80, 965;
v0xb0c512a80_966 .array/port v0xb0c512a80, 966;
E_0xb0d4de040/241 .event anyedge, v0xb0c512a80_963, v0xb0c512a80_964, v0xb0c512a80_965, v0xb0c512a80_966;
v0xb0c512a80_967 .array/port v0xb0c512a80, 967;
v0xb0c512a80_968 .array/port v0xb0c512a80, 968;
v0xb0c512a80_969 .array/port v0xb0c512a80, 969;
v0xb0c512a80_970 .array/port v0xb0c512a80, 970;
E_0xb0d4de040/242 .event anyedge, v0xb0c512a80_967, v0xb0c512a80_968, v0xb0c512a80_969, v0xb0c512a80_970;
v0xb0c512a80_971 .array/port v0xb0c512a80, 971;
v0xb0c512a80_972 .array/port v0xb0c512a80, 972;
v0xb0c512a80_973 .array/port v0xb0c512a80, 973;
v0xb0c512a80_974 .array/port v0xb0c512a80, 974;
E_0xb0d4de040/243 .event anyedge, v0xb0c512a80_971, v0xb0c512a80_972, v0xb0c512a80_973, v0xb0c512a80_974;
v0xb0c512a80_975 .array/port v0xb0c512a80, 975;
v0xb0c512a80_976 .array/port v0xb0c512a80, 976;
v0xb0c512a80_977 .array/port v0xb0c512a80, 977;
v0xb0c512a80_978 .array/port v0xb0c512a80, 978;
E_0xb0d4de040/244 .event anyedge, v0xb0c512a80_975, v0xb0c512a80_976, v0xb0c512a80_977, v0xb0c512a80_978;
v0xb0c512a80_979 .array/port v0xb0c512a80, 979;
v0xb0c512a80_980 .array/port v0xb0c512a80, 980;
v0xb0c512a80_981 .array/port v0xb0c512a80, 981;
v0xb0c512a80_982 .array/port v0xb0c512a80, 982;
E_0xb0d4de040/245 .event anyedge, v0xb0c512a80_979, v0xb0c512a80_980, v0xb0c512a80_981, v0xb0c512a80_982;
v0xb0c512a80_983 .array/port v0xb0c512a80, 983;
v0xb0c512a80_984 .array/port v0xb0c512a80, 984;
v0xb0c512a80_985 .array/port v0xb0c512a80, 985;
v0xb0c512a80_986 .array/port v0xb0c512a80, 986;
E_0xb0d4de040/246 .event anyedge, v0xb0c512a80_983, v0xb0c512a80_984, v0xb0c512a80_985, v0xb0c512a80_986;
v0xb0c512a80_987 .array/port v0xb0c512a80, 987;
v0xb0c512a80_988 .array/port v0xb0c512a80, 988;
v0xb0c512a80_989 .array/port v0xb0c512a80, 989;
v0xb0c512a80_990 .array/port v0xb0c512a80, 990;
E_0xb0d4de040/247 .event anyedge, v0xb0c512a80_987, v0xb0c512a80_988, v0xb0c512a80_989, v0xb0c512a80_990;
v0xb0c512a80_991 .array/port v0xb0c512a80, 991;
v0xb0c512a80_992 .array/port v0xb0c512a80, 992;
v0xb0c512a80_993 .array/port v0xb0c512a80, 993;
v0xb0c512a80_994 .array/port v0xb0c512a80, 994;
E_0xb0d4de040/248 .event anyedge, v0xb0c512a80_991, v0xb0c512a80_992, v0xb0c512a80_993, v0xb0c512a80_994;
v0xb0c512a80_995 .array/port v0xb0c512a80, 995;
v0xb0c512a80_996 .array/port v0xb0c512a80, 996;
v0xb0c512a80_997 .array/port v0xb0c512a80, 997;
v0xb0c512a80_998 .array/port v0xb0c512a80, 998;
E_0xb0d4de040/249 .event anyedge, v0xb0c512a80_995, v0xb0c512a80_996, v0xb0c512a80_997, v0xb0c512a80_998;
v0xb0c512a80_999 .array/port v0xb0c512a80, 999;
v0xb0c512a80_1000 .array/port v0xb0c512a80, 1000;
v0xb0c512a80_1001 .array/port v0xb0c512a80, 1001;
v0xb0c512a80_1002 .array/port v0xb0c512a80, 1002;
E_0xb0d4de040/250 .event anyedge, v0xb0c512a80_999, v0xb0c512a80_1000, v0xb0c512a80_1001, v0xb0c512a80_1002;
v0xb0c512a80_1003 .array/port v0xb0c512a80, 1003;
v0xb0c512a80_1004 .array/port v0xb0c512a80, 1004;
v0xb0c512a80_1005 .array/port v0xb0c512a80, 1005;
v0xb0c512a80_1006 .array/port v0xb0c512a80, 1006;
E_0xb0d4de040/251 .event anyedge, v0xb0c512a80_1003, v0xb0c512a80_1004, v0xb0c512a80_1005, v0xb0c512a80_1006;
v0xb0c512a80_1007 .array/port v0xb0c512a80, 1007;
v0xb0c512a80_1008 .array/port v0xb0c512a80, 1008;
v0xb0c512a80_1009 .array/port v0xb0c512a80, 1009;
v0xb0c512a80_1010 .array/port v0xb0c512a80, 1010;
E_0xb0d4de040/252 .event anyedge, v0xb0c512a80_1007, v0xb0c512a80_1008, v0xb0c512a80_1009, v0xb0c512a80_1010;
v0xb0c512a80_1011 .array/port v0xb0c512a80, 1011;
v0xb0c512a80_1012 .array/port v0xb0c512a80, 1012;
v0xb0c512a80_1013 .array/port v0xb0c512a80, 1013;
v0xb0c512a80_1014 .array/port v0xb0c512a80, 1014;
E_0xb0d4de040/253 .event anyedge, v0xb0c512a80_1011, v0xb0c512a80_1012, v0xb0c512a80_1013, v0xb0c512a80_1014;
v0xb0c512a80_1015 .array/port v0xb0c512a80, 1015;
v0xb0c512a80_1016 .array/port v0xb0c512a80, 1016;
v0xb0c512a80_1017 .array/port v0xb0c512a80, 1017;
v0xb0c512a80_1018 .array/port v0xb0c512a80, 1018;
E_0xb0d4de040/254 .event anyedge, v0xb0c512a80_1015, v0xb0c512a80_1016, v0xb0c512a80_1017, v0xb0c512a80_1018;
v0xb0c512a80_1019 .array/port v0xb0c512a80, 1019;
v0xb0c512a80_1020 .array/port v0xb0c512a80, 1020;
v0xb0c512a80_1021 .array/port v0xb0c512a80, 1021;
v0xb0c512a80_1022 .array/port v0xb0c512a80, 1022;
E_0xb0d4de040/255 .event anyedge, v0xb0c512a80_1019, v0xb0c512a80_1020, v0xb0c512a80_1021, v0xb0c512a80_1022;
v0xb0c512a80_1023 .array/port v0xb0c512a80, 1023;
E_0xb0d4de040/256 .event anyedge, v0xb0c512a80_1023;
E_0xb0d4de040 .event/or E_0xb0d4de040/0, E_0xb0d4de040/1, E_0xb0d4de040/2, E_0xb0d4de040/3, E_0xb0d4de040/4, E_0xb0d4de040/5, E_0xb0d4de040/6, E_0xb0d4de040/7, E_0xb0d4de040/8, E_0xb0d4de040/9, E_0xb0d4de040/10, E_0xb0d4de040/11, E_0xb0d4de040/12, E_0xb0d4de040/13, E_0xb0d4de040/14, E_0xb0d4de040/15, E_0xb0d4de040/16, E_0xb0d4de040/17, E_0xb0d4de040/18, E_0xb0d4de040/19, E_0xb0d4de040/20, E_0xb0d4de040/21, E_0xb0d4de040/22, E_0xb0d4de040/23, E_0xb0d4de040/24, E_0xb0d4de040/25, E_0xb0d4de040/26, E_0xb0d4de040/27, E_0xb0d4de040/28, E_0xb0d4de040/29, E_0xb0d4de040/30, E_0xb0d4de040/31, E_0xb0d4de040/32, E_0xb0d4de040/33, E_0xb0d4de040/34, E_0xb0d4de040/35, E_0xb0d4de040/36, E_0xb0d4de040/37, E_0xb0d4de040/38, E_0xb0d4de040/39, E_0xb0d4de040/40, E_0xb0d4de040/41, E_0xb0d4de040/42, E_0xb0d4de040/43, E_0xb0d4de040/44, E_0xb0d4de040/45, E_0xb0d4de040/46, E_0xb0d4de040/47, E_0xb0d4de040/48, E_0xb0d4de040/49, E_0xb0d4de040/50, E_0xb0d4de040/51, E_0xb0d4de040/52, E_0xb0d4de040/53, E_0xb0d4de040/54, E_0xb0d4de040/55, E_0xb0d4de040/56, E_0xb0d4de040/57, E_0xb0d4de040/58, E_0xb0d4de040/59, E_0xb0d4de040/60, E_0xb0d4de040/61, E_0xb0d4de040/62, E_0xb0d4de040/63, E_0xb0d4de040/64, E_0xb0d4de040/65, E_0xb0d4de040/66, E_0xb0d4de040/67, E_0xb0d4de040/68, E_0xb0d4de040/69, E_0xb0d4de040/70, E_0xb0d4de040/71, E_0xb0d4de040/72, E_0xb0d4de040/73, E_0xb0d4de040/74, E_0xb0d4de040/75, E_0xb0d4de040/76, E_0xb0d4de040/77, E_0xb0d4de040/78, E_0xb0d4de040/79, E_0xb0d4de040/80, E_0xb0d4de040/81, E_0xb0d4de040/82, E_0xb0d4de040/83, E_0xb0d4de040/84, E_0xb0d4de040/85, E_0xb0d4de040/86, E_0xb0d4de040/87, E_0xb0d4de040/88, E_0xb0d4de040/89, E_0xb0d4de040/90, E_0xb0d4de040/91, E_0xb0d4de040/92, E_0xb0d4de040/93, E_0xb0d4de040/94, E_0xb0d4de040/95, E_0xb0d4de040/96, E_0xb0d4de040/97, E_0xb0d4de040/98, E_0xb0d4de040/99, E_0xb0d4de040/100, E_0xb0d4de040/101, E_0xb0d4de040/102, E_0xb0d4de040/103, E_0xb0d4de040/104, E_0xb0d4de040/105, E_0xb0d4de040/106, E_0xb0d4de040/107, E_0xb0d4de040/108, E_0xb0d4de040/109, E_0xb0d4de040/110, E_0xb0d4de040/111, E_0xb0d4de040/112, E_0xb0d4de040/113, E_0xb0d4de040/114, E_0xb0d4de040/115, E_0xb0d4de040/116, E_0xb0d4de040/117, E_0xb0d4de040/118, E_0xb0d4de040/119, E_0xb0d4de040/120, E_0xb0d4de040/121, E_0xb0d4de040/122, E_0xb0d4de040/123, E_0xb0d4de040/124, E_0xb0d4de040/125, E_0xb0d4de040/126, E_0xb0d4de040/127, E_0xb0d4de040/128, E_0xb0d4de040/129, E_0xb0d4de040/130, E_0xb0d4de040/131, E_0xb0d4de040/132, E_0xb0d4de040/133, E_0xb0d4de040/134, E_0xb0d4de040/135, E_0xb0d4de040/136, E_0xb0d4de040/137, E_0xb0d4de040/138, E_0xb0d4de040/139, E_0xb0d4de040/140, E_0xb0d4de040/141, E_0xb0d4de040/142, E_0xb0d4de040/143, E_0xb0d4de040/144, E_0xb0d4de040/145, E_0xb0d4de040/146, E_0xb0d4de040/147, E_0xb0d4de040/148, E_0xb0d4de040/149, E_0xb0d4de040/150, E_0xb0d4de040/151, E_0xb0d4de040/152, E_0xb0d4de040/153, E_0xb0d4de040/154, E_0xb0d4de040/155, E_0xb0d4de040/156, E_0xb0d4de040/157, E_0xb0d4de040/158, E_0xb0d4de040/159, E_0xb0d4de040/160, E_0xb0d4de040/161, E_0xb0d4de040/162, E_0xb0d4de040/163, E_0xb0d4de040/164, E_0xb0d4de040/165, E_0xb0d4de040/166, E_0xb0d4de040/167, E_0xb0d4de040/168, E_0xb0d4de040/169, E_0xb0d4de040/170, E_0xb0d4de040/171, E_0xb0d4de040/172, E_0xb0d4de040/173, E_0xb0d4de040/174, E_0xb0d4de040/175, E_0xb0d4de040/176, E_0xb0d4de040/177, E_0xb0d4de040/178, E_0xb0d4de040/179, E_0xb0d4de040/180, E_0xb0d4de040/181, E_0xb0d4de040/182, E_0xb0d4de040/183, E_0xb0d4de040/184, E_0xb0d4de040/185, E_0xb0d4de040/186, E_0xb0d4de040/187, E_0xb0d4de040/188, E_0xb0d4de040/189, E_0xb0d4de040/190, E_0xb0d4de040/191, E_0xb0d4de040/192, E_0xb0d4de040/193, E_0xb0d4de040/194, E_0xb0d4de040/195, E_0xb0d4de040/196, E_0xb0d4de040/197, E_0xb0d4de040/198, E_0xb0d4de040/199, E_0xb0d4de040/200, E_0xb0d4de040/201, E_0xb0d4de040/202, E_0xb0d4de040/203, E_0xb0d4de040/204, E_0xb0d4de040/205, E_0xb0d4de040/206, E_0xb0d4de040/207, E_0xb0d4de040/208, E_0xb0d4de040/209, E_0xb0d4de040/210, E_0xb0d4de040/211, E_0xb0d4de040/212, E_0xb0d4de040/213, E_0xb0d4de040/214, E_0xb0d4de040/215, E_0xb0d4de040/216, E_0xb0d4de040/217, E_0xb0d4de040/218, E_0xb0d4de040/219, E_0xb0d4de040/220, E_0xb0d4de040/221, E_0xb0d4de040/222, E_0xb0d4de040/223, E_0xb0d4de040/224, E_0xb0d4de040/225, E_0xb0d4de040/226, E_0xb0d4de040/227, E_0xb0d4de040/228, E_0xb0d4de040/229, E_0xb0d4de040/230, E_0xb0d4de040/231, E_0xb0d4de040/232, E_0xb0d4de040/233, E_0xb0d4de040/234, E_0xb0d4de040/235, E_0xb0d4de040/236, E_0xb0d4de040/237, E_0xb0d4de040/238, E_0xb0d4de040/239, E_0xb0d4de040/240, E_0xb0d4de040/241, E_0xb0d4de040/242, E_0xb0d4de040/243, E_0xb0d4de040/244, E_0xb0d4de040/245, E_0xb0d4de040/246, E_0xb0d4de040/247, E_0xb0d4de040/248, E_0xb0d4de040/249, E_0xb0d4de040/250, E_0xb0d4de040/251, E_0xb0d4de040/252, E_0xb0d4de040/253, E_0xb0d4de040/254, E_0xb0d4de040/255, E_0xb0d4de040/256;
S_0xb0c50cc00 .scope module, "imem" "instruction_mem" 4 51, 14 1 0, S_0x101103d90;
 .timescale -9 -12;
    .port_info 0 /INPUT 8 "instaddr";
    .port_info 1 /OUTPUT 32 "inst";
P_0xb0c4499c0 .param/l "inum" 0 14 1, +C4<00000000000000000000000100000000>;
v0xb0c512c60 .array "imem", 0 255, 31 0;
v0xb0c512d00_0 .var "inst", 31 0;
v0xb0c512da0_0 .net "instaddr", 7 0, L_0xb0c53bca0;  1 drivers
v0xb0c512c60_0 .array/port v0xb0c512c60, 0;
v0xb0c512c60_1 .array/port v0xb0c512c60, 1;
v0xb0c512c60_2 .array/port v0xb0c512c60, 2;
E_0xb0d4d8040/0 .event anyedge, v0xb0c512da0_0, v0xb0c512c60_0, v0xb0c512c60_1, v0xb0c512c60_2;
v0xb0c512c60_3 .array/port v0xb0c512c60, 3;
v0xb0c512c60_4 .array/port v0xb0c512c60, 4;
v0xb0c512c60_5 .array/port v0xb0c512c60, 5;
v0xb0c512c60_6 .array/port v0xb0c512c60, 6;
E_0xb0d4d8040/1 .event anyedge, v0xb0c512c60_3, v0xb0c512c60_4, v0xb0c512c60_5, v0xb0c512c60_6;
v0xb0c512c60_7 .array/port v0xb0c512c60, 7;
v0xb0c512c60_8 .array/port v0xb0c512c60, 8;
v0xb0c512c60_9 .array/port v0xb0c512c60, 9;
v0xb0c512c60_10 .array/port v0xb0c512c60, 10;
E_0xb0d4d8040/2 .event anyedge, v0xb0c512c60_7, v0xb0c512c60_8, v0xb0c512c60_9, v0xb0c512c60_10;
v0xb0c512c60_11 .array/port v0xb0c512c60, 11;
v0xb0c512c60_12 .array/port v0xb0c512c60, 12;
v0xb0c512c60_13 .array/port v0xb0c512c60, 13;
v0xb0c512c60_14 .array/port v0xb0c512c60, 14;
E_0xb0d4d8040/3 .event anyedge, v0xb0c512c60_11, v0xb0c512c60_12, v0xb0c512c60_13, v0xb0c512c60_14;
v0xb0c512c60_15 .array/port v0xb0c512c60, 15;
v0xb0c512c60_16 .array/port v0xb0c512c60, 16;
v0xb0c512c60_17 .array/port v0xb0c512c60, 17;
v0xb0c512c60_18 .array/port v0xb0c512c60, 18;
E_0xb0d4d8040/4 .event anyedge, v0xb0c512c60_15, v0xb0c512c60_16, v0xb0c512c60_17, v0xb0c512c60_18;
v0xb0c512c60_19 .array/port v0xb0c512c60, 19;
v0xb0c512c60_20 .array/port v0xb0c512c60, 20;
v0xb0c512c60_21 .array/port v0xb0c512c60, 21;
v0xb0c512c60_22 .array/port v0xb0c512c60, 22;
E_0xb0d4d8040/5 .event anyedge, v0xb0c512c60_19, v0xb0c512c60_20, v0xb0c512c60_21, v0xb0c512c60_22;
v0xb0c512c60_23 .array/port v0xb0c512c60, 23;
v0xb0c512c60_24 .array/port v0xb0c512c60, 24;
v0xb0c512c60_25 .array/port v0xb0c512c60, 25;
v0xb0c512c60_26 .array/port v0xb0c512c60, 26;
E_0xb0d4d8040/6 .event anyedge, v0xb0c512c60_23, v0xb0c512c60_24, v0xb0c512c60_25, v0xb0c512c60_26;
v0xb0c512c60_27 .array/port v0xb0c512c60, 27;
v0xb0c512c60_28 .array/port v0xb0c512c60, 28;
v0xb0c512c60_29 .array/port v0xb0c512c60, 29;
v0xb0c512c60_30 .array/port v0xb0c512c60, 30;
E_0xb0d4d8040/7 .event anyedge, v0xb0c512c60_27, v0xb0c512c60_28, v0xb0c512c60_29, v0xb0c512c60_30;
v0xb0c512c60_31 .array/port v0xb0c512c60, 31;
v0xb0c512c60_32 .array/port v0xb0c512c60, 32;
v0xb0c512c60_33 .array/port v0xb0c512c60, 33;
v0xb0c512c60_34 .array/port v0xb0c512c60, 34;
E_0xb0d4d8040/8 .event anyedge, v0xb0c512c60_31, v0xb0c512c60_32, v0xb0c512c60_33, v0xb0c512c60_34;
v0xb0c512c60_35 .array/port v0xb0c512c60, 35;
v0xb0c512c60_36 .array/port v0xb0c512c60, 36;
v0xb0c512c60_37 .array/port v0xb0c512c60, 37;
v0xb0c512c60_38 .array/port v0xb0c512c60, 38;
E_0xb0d4d8040/9 .event anyedge, v0xb0c512c60_35, v0xb0c512c60_36, v0xb0c512c60_37, v0xb0c512c60_38;
v0xb0c512c60_39 .array/port v0xb0c512c60, 39;
v0xb0c512c60_40 .array/port v0xb0c512c60, 40;
v0xb0c512c60_41 .array/port v0xb0c512c60, 41;
v0xb0c512c60_42 .array/port v0xb0c512c60, 42;
E_0xb0d4d8040/10 .event anyedge, v0xb0c512c60_39, v0xb0c512c60_40, v0xb0c512c60_41, v0xb0c512c60_42;
v0xb0c512c60_43 .array/port v0xb0c512c60, 43;
v0xb0c512c60_44 .array/port v0xb0c512c60, 44;
v0xb0c512c60_45 .array/port v0xb0c512c60, 45;
v0xb0c512c60_46 .array/port v0xb0c512c60, 46;
E_0xb0d4d8040/11 .event anyedge, v0xb0c512c60_43, v0xb0c512c60_44, v0xb0c512c60_45, v0xb0c512c60_46;
v0xb0c512c60_47 .array/port v0xb0c512c60, 47;
v0xb0c512c60_48 .array/port v0xb0c512c60, 48;
v0xb0c512c60_49 .array/port v0xb0c512c60, 49;
v0xb0c512c60_50 .array/port v0xb0c512c60, 50;
E_0xb0d4d8040/12 .event anyedge, v0xb0c512c60_47, v0xb0c512c60_48, v0xb0c512c60_49, v0xb0c512c60_50;
v0xb0c512c60_51 .array/port v0xb0c512c60, 51;
v0xb0c512c60_52 .array/port v0xb0c512c60, 52;
v0xb0c512c60_53 .array/port v0xb0c512c60, 53;
v0xb0c512c60_54 .array/port v0xb0c512c60, 54;
E_0xb0d4d8040/13 .event anyedge, v0xb0c512c60_51, v0xb0c512c60_52, v0xb0c512c60_53, v0xb0c512c60_54;
v0xb0c512c60_55 .array/port v0xb0c512c60, 55;
v0xb0c512c60_56 .array/port v0xb0c512c60, 56;
v0xb0c512c60_57 .array/port v0xb0c512c60, 57;
v0xb0c512c60_58 .array/port v0xb0c512c60, 58;
E_0xb0d4d8040/14 .event anyedge, v0xb0c512c60_55, v0xb0c512c60_56, v0xb0c512c60_57, v0xb0c512c60_58;
v0xb0c512c60_59 .array/port v0xb0c512c60, 59;
v0xb0c512c60_60 .array/port v0xb0c512c60, 60;
v0xb0c512c60_61 .array/port v0xb0c512c60, 61;
v0xb0c512c60_62 .array/port v0xb0c512c60, 62;
E_0xb0d4d8040/15 .event anyedge, v0xb0c512c60_59, v0xb0c512c60_60, v0xb0c512c60_61, v0xb0c512c60_62;
v0xb0c512c60_63 .array/port v0xb0c512c60, 63;
v0xb0c512c60_64 .array/port v0xb0c512c60, 64;
v0xb0c512c60_65 .array/port v0xb0c512c60, 65;
v0xb0c512c60_66 .array/port v0xb0c512c60, 66;
E_0xb0d4d8040/16 .event anyedge, v0xb0c512c60_63, v0xb0c512c60_64, v0xb0c512c60_65, v0xb0c512c60_66;
v0xb0c512c60_67 .array/port v0xb0c512c60, 67;
v0xb0c512c60_68 .array/port v0xb0c512c60, 68;
v0xb0c512c60_69 .array/port v0xb0c512c60, 69;
v0xb0c512c60_70 .array/port v0xb0c512c60, 70;
E_0xb0d4d8040/17 .event anyedge, v0xb0c512c60_67, v0xb0c512c60_68, v0xb0c512c60_69, v0xb0c512c60_70;
v0xb0c512c60_71 .array/port v0xb0c512c60, 71;
v0xb0c512c60_72 .array/port v0xb0c512c60, 72;
v0xb0c512c60_73 .array/port v0xb0c512c60, 73;
v0xb0c512c60_74 .array/port v0xb0c512c60, 74;
E_0xb0d4d8040/18 .event anyedge, v0xb0c512c60_71, v0xb0c512c60_72, v0xb0c512c60_73, v0xb0c512c60_74;
v0xb0c512c60_75 .array/port v0xb0c512c60, 75;
v0xb0c512c60_76 .array/port v0xb0c512c60, 76;
v0xb0c512c60_77 .array/port v0xb0c512c60, 77;
v0xb0c512c60_78 .array/port v0xb0c512c60, 78;
E_0xb0d4d8040/19 .event anyedge, v0xb0c512c60_75, v0xb0c512c60_76, v0xb0c512c60_77, v0xb0c512c60_78;
v0xb0c512c60_79 .array/port v0xb0c512c60, 79;
v0xb0c512c60_80 .array/port v0xb0c512c60, 80;
v0xb0c512c60_81 .array/port v0xb0c512c60, 81;
v0xb0c512c60_82 .array/port v0xb0c512c60, 82;
E_0xb0d4d8040/20 .event anyedge, v0xb0c512c60_79, v0xb0c512c60_80, v0xb0c512c60_81, v0xb0c512c60_82;
v0xb0c512c60_83 .array/port v0xb0c512c60, 83;
v0xb0c512c60_84 .array/port v0xb0c512c60, 84;
v0xb0c512c60_85 .array/port v0xb0c512c60, 85;
v0xb0c512c60_86 .array/port v0xb0c512c60, 86;
E_0xb0d4d8040/21 .event anyedge, v0xb0c512c60_83, v0xb0c512c60_84, v0xb0c512c60_85, v0xb0c512c60_86;
v0xb0c512c60_87 .array/port v0xb0c512c60, 87;
v0xb0c512c60_88 .array/port v0xb0c512c60, 88;
v0xb0c512c60_89 .array/port v0xb0c512c60, 89;
v0xb0c512c60_90 .array/port v0xb0c512c60, 90;
E_0xb0d4d8040/22 .event anyedge, v0xb0c512c60_87, v0xb0c512c60_88, v0xb0c512c60_89, v0xb0c512c60_90;
v0xb0c512c60_91 .array/port v0xb0c512c60, 91;
v0xb0c512c60_92 .array/port v0xb0c512c60, 92;
v0xb0c512c60_93 .array/port v0xb0c512c60, 93;
v0xb0c512c60_94 .array/port v0xb0c512c60, 94;
E_0xb0d4d8040/23 .event anyedge, v0xb0c512c60_91, v0xb0c512c60_92, v0xb0c512c60_93, v0xb0c512c60_94;
v0xb0c512c60_95 .array/port v0xb0c512c60, 95;
v0xb0c512c60_96 .array/port v0xb0c512c60, 96;
v0xb0c512c60_97 .array/port v0xb0c512c60, 97;
v0xb0c512c60_98 .array/port v0xb0c512c60, 98;
E_0xb0d4d8040/24 .event anyedge, v0xb0c512c60_95, v0xb0c512c60_96, v0xb0c512c60_97, v0xb0c512c60_98;
v0xb0c512c60_99 .array/port v0xb0c512c60, 99;
v0xb0c512c60_100 .array/port v0xb0c512c60, 100;
v0xb0c512c60_101 .array/port v0xb0c512c60, 101;
v0xb0c512c60_102 .array/port v0xb0c512c60, 102;
E_0xb0d4d8040/25 .event anyedge, v0xb0c512c60_99, v0xb0c512c60_100, v0xb0c512c60_101, v0xb0c512c60_102;
v0xb0c512c60_103 .array/port v0xb0c512c60, 103;
v0xb0c512c60_104 .array/port v0xb0c512c60, 104;
v0xb0c512c60_105 .array/port v0xb0c512c60, 105;
v0xb0c512c60_106 .array/port v0xb0c512c60, 106;
E_0xb0d4d8040/26 .event anyedge, v0xb0c512c60_103, v0xb0c512c60_104, v0xb0c512c60_105, v0xb0c512c60_106;
v0xb0c512c60_107 .array/port v0xb0c512c60, 107;
v0xb0c512c60_108 .array/port v0xb0c512c60, 108;
v0xb0c512c60_109 .array/port v0xb0c512c60, 109;
v0xb0c512c60_110 .array/port v0xb0c512c60, 110;
E_0xb0d4d8040/27 .event anyedge, v0xb0c512c60_107, v0xb0c512c60_108, v0xb0c512c60_109, v0xb0c512c60_110;
v0xb0c512c60_111 .array/port v0xb0c512c60, 111;
v0xb0c512c60_112 .array/port v0xb0c512c60, 112;
v0xb0c512c60_113 .array/port v0xb0c512c60, 113;
v0xb0c512c60_114 .array/port v0xb0c512c60, 114;
E_0xb0d4d8040/28 .event anyedge, v0xb0c512c60_111, v0xb0c512c60_112, v0xb0c512c60_113, v0xb0c512c60_114;
v0xb0c512c60_115 .array/port v0xb0c512c60, 115;
v0xb0c512c60_116 .array/port v0xb0c512c60, 116;
v0xb0c512c60_117 .array/port v0xb0c512c60, 117;
v0xb0c512c60_118 .array/port v0xb0c512c60, 118;
E_0xb0d4d8040/29 .event anyedge, v0xb0c512c60_115, v0xb0c512c60_116, v0xb0c512c60_117, v0xb0c512c60_118;
v0xb0c512c60_119 .array/port v0xb0c512c60, 119;
v0xb0c512c60_120 .array/port v0xb0c512c60, 120;
v0xb0c512c60_121 .array/port v0xb0c512c60, 121;
v0xb0c512c60_122 .array/port v0xb0c512c60, 122;
E_0xb0d4d8040/30 .event anyedge, v0xb0c512c60_119, v0xb0c512c60_120, v0xb0c512c60_121, v0xb0c512c60_122;
v0xb0c512c60_123 .array/port v0xb0c512c60, 123;
v0xb0c512c60_124 .array/port v0xb0c512c60, 124;
v0xb0c512c60_125 .array/port v0xb0c512c60, 125;
v0xb0c512c60_126 .array/port v0xb0c512c60, 126;
E_0xb0d4d8040/31 .event anyedge, v0xb0c512c60_123, v0xb0c512c60_124, v0xb0c512c60_125, v0xb0c512c60_126;
v0xb0c512c60_127 .array/port v0xb0c512c60, 127;
v0xb0c512c60_128 .array/port v0xb0c512c60, 128;
v0xb0c512c60_129 .array/port v0xb0c512c60, 129;
v0xb0c512c60_130 .array/port v0xb0c512c60, 130;
E_0xb0d4d8040/32 .event anyedge, v0xb0c512c60_127, v0xb0c512c60_128, v0xb0c512c60_129, v0xb0c512c60_130;
v0xb0c512c60_131 .array/port v0xb0c512c60, 131;
v0xb0c512c60_132 .array/port v0xb0c512c60, 132;
v0xb0c512c60_133 .array/port v0xb0c512c60, 133;
v0xb0c512c60_134 .array/port v0xb0c512c60, 134;
E_0xb0d4d8040/33 .event anyedge, v0xb0c512c60_131, v0xb0c512c60_132, v0xb0c512c60_133, v0xb0c512c60_134;
v0xb0c512c60_135 .array/port v0xb0c512c60, 135;
v0xb0c512c60_136 .array/port v0xb0c512c60, 136;
v0xb0c512c60_137 .array/port v0xb0c512c60, 137;
v0xb0c512c60_138 .array/port v0xb0c512c60, 138;
E_0xb0d4d8040/34 .event anyedge, v0xb0c512c60_135, v0xb0c512c60_136, v0xb0c512c60_137, v0xb0c512c60_138;
v0xb0c512c60_139 .array/port v0xb0c512c60, 139;
v0xb0c512c60_140 .array/port v0xb0c512c60, 140;
v0xb0c512c60_141 .array/port v0xb0c512c60, 141;
v0xb0c512c60_142 .array/port v0xb0c512c60, 142;
E_0xb0d4d8040/35 .event anyedge, v0xb0c512c60_139, v0xb0c512c60_140, v0xb0c512c60_141, v0xb0c512c60_142;
v0xb0c512c60_143 .array/port v0xb0c512c60, 143;
v0xb0c512c60_144 .array/port v0xb0c512c60, 144;
v0xb0c512c60_145 .array/port v0xb0c512c60, 145;
v0xb0c512c60_146 .array/port v0xb0c512c60, 146;
E_0xb0d4d8040/36 .event anyedge, v0xb0c512c60_143, v0xb0c512c60_144, v0xb0c512c60_145, v0xb0c512c60_146;
v0xb0c512c60_147 .array/port v0xb0c512c60, 147;
v0xb0c512c60_148 .array/port v0xb0c512c60, 148;
v0xb0c512c60_149 .array/port v0xb0c512c60, 149;
v0xb0c512c60_150 .array/port v0xb0c512c60, 150;
E_0xb0d4d8040/37 .event anyedge, v0xb0c512c60_147, v0xb0c512c60_148, v0xb0c512c60_149, v0xb0c512c60_150;
v0xb0c512c60_151 .array/port v0xb0c512c60, 151;
v0xb0c512c60_152 .array/port v0xb0c512c60, 152;
v0xb0c512c60_153 .array/port v0xb0c512c60, 153;
v0xb0c512c60_154 .array/port v0xb0c512c60, 154;
E_0xb0d4d8040/38 .event anyedge, v0xb0c512c60_151, v0xb0c512c60_152, v0xb0c512c60_153, v0xb0c512c60_154;
v0xb0c512c60_155 .array/port v0xb0c512c60, 155;
v0xb0c512c60_156 .array/port v0xb0c512c60, 156;
v0xb0c512c60_157 .array/port v0xb0c512c60, 157;
v0xb0c512c60_158 .array/port v0xb0c512c60, 158;
E_0xb0d4d8040/39 .event anyedge, v0xb0c512c60_155, v0xb0c512c60_156, v0xb0c512c60_157, v0xb0c512c60_158;
v0xb0c512c60_159 .array/port v0xb0c512c60, 159;
v0xb0c512c60_160 .array/port v0xb0c512c60, 160;
v0xb0c512c60_161 .array/port v0xb0c512c60, 161;
v0xb0c512c60_162 .array/port v0xb0c512c60, 162;
E_0xb0d4d8040/40 .event anyedge, v0xb0c512c60_159, v0xb0c512c60_160, v0xb0c512c60_161, v0xb0c512c60_162;
v0xb0c512c60_163 .array/port v0xb0c512c60, 163;
v0xb0c512c60_164 .array/port v0xb0c512c60, 164;
v0xb0c512c60_165 .array/port v0xb0c512c60, 165;
v0xb0c512c60_166 .array/port v0xb0c512c60, 166;
E_0xb0d4d8040/41 .event anyedge, v0xb0c512c60_163, v0xb0c512c60_164, v0xb0c512c60_165, v0xb0c512c60_166;
v0xb0c512c60_167 .array/port v0xb0c512c60, 167;
v0xb0c512c60_168 .array/port v0xb0c512c60, 168;
v0xb0c512c60_169 .array/port v0xb0c512c60, 169;
v0xb0c512c60_170 .array/port v0xb0c512c60, 170;
E_0xb0d4d8040/42 .event anyedge, v0xb0c512c60_167, v0xb0c512c60_168, v0xb0c512c60_169, v0xb0c512c60_170;
v0xb0c512c60_171 .array/port v0xb0c512c60, 171;
v0xb0c512c60_172 .array/port v0xb0c512c60, 172;
v0xb0c512c60_173 .array/port v0xb0c512c60, 173;
v0xb0c512c60_174 .array/port v0xb0c512c60, 174;
E_0xb0d4d8040/43 .event anyedge, v0xb0c512c60_171, v0xb0c512c60_172, v0xb0c512c60_173, v0xb0c512c60_174;
v0xb0c512c60_175 .array/port v0xb0c512c60, 175;
v0xb0c512c60_176 .array/port v0xb0c512c60, 176;
v0xb0c512c60_177 .array/port v0xb0c512c60, 177;
v0xb0c512c60_178 .array/port v0xb0c512c60, 178;
E_0xb0d4d8040/44 .event anyedge, v0xb0c512c60_175, v0xb0c512c60_176, v0xb0c512c60_177, v0xb0c512c60_178;
v0xb0c512c60_179 .array/port v0xb0c512c60, 179;
v0xb0c512c60_180 .array/port v0xb0c512c60, 180;
v0xb0c512c60_181 .array/port v0xb0c512c60, 181;
v0xb0c512c60_182 .array/port v0xb0c512c60, 182;
E_0xb0d4d8040/45 .event anyedge, v0xb0c512c60_179, v0xb0c512c60_180, v0xb0c512c60_181, v0xb0c512c60_182;
v0xb0c512c60_183 .array/port v0xb0c512c60, 183;
v0xb0c512c60_184 .array/port v0xb0c512c60, 184;
v0xb0c512c60_185 .array/port v0xb0c512c60, 185;
v0xb0c512c60_186 .array/port v0xb0c512c60, 186;
E_0xb0d4d8040/46 .event anyedge, v0xb0c512c60_183, v0xb0c512c60_184, v0xb0c512c60_185, v0xb0c512c60_186;
v0xb0c512c60_187 .array/port v0xb0c512c60, 187;
v0xb0c512c60_188 .array/port v0xb0c512c60, 188;
v0xb0c512c60_189 .array/port v0xb0c512c60, 189;
v0xb0c512c60_190 .array/port v0xb0c512c60, 190;
E_0xb0d4d8040/47 .event anyedge, v0xb0c512c60_187, v0xb0c512c60_188, v0xb0c512c60_189, v0xb0c512c60_190;
v0xb0c512c60_191 .array/port v0xb0c512c60, 191;
v0xb0c512c60_192 .array/port v0xb0c512c60, 192;
v0xb0c512c60_193 .array/port v0xb0c512c60, 193;
v0xb0c512c60_194 .array/port v0xb0c512c60, 194;
E_0xb0d4d8040/48 .event anyedge, v0xb0c512c60_191, v0xb0c512c60_192, v0xb0c512c60_193, v0xb0c512c60_194;
v0xb0c512c60_195 .array/port v0xb0c512c60, 195;
v0xb0c512c60_196 .array/port v0xb0c512c60, 196;
v0xb0c512c60_197 .array/port v0xb0c512c60, 197;
v0xb0c512c60_198 .array/port v0xb0c512c60, 198;
E_0xb0d4d8040/49 .event anyedge, v0xb0c512c60_195, v0xb0c512c60_196, v0xb0c512c60_197, v0xb0c512c60_198;
v0xb0c512c60_199 .array/port v0xb0c512c60, 199;
v0xb0c512c60_200 .array/port v0xb0c512c60, 200;
v0xb0c512c60_201 .array/port v0xb0c512c60, 201;
v0xb0c512c60_202 .array/port v0xb0c512c60, 202;
E_0xb0d4d8040/50 .event anyedge, v0xb0c512c60_199, v0xb0c512c60_200, v0xb0c512c60_201, v0xb0c512c60_202;
v0xb0c512c60_203 .array/port v0xb0c512c60, 203;
v0xb0c512c60_204 .array/port v0xb0c512c60, 204;
v0xb0c512c60_205 .array/port v0xb0c512c60, 205;
v0xb0c512c60_206 .array/port v0xb0c512c60, 206;
E_0xb0d4d8040/51 .event anyedge, v0xb0c512c60_203, v0xb0c512c60_204, v0xb0c512c60_205, v0xb0c512c60_206;
v0xb0c512c60_207 .array/port v0xb0c512c60, 207;
v0xb0c512c60_208 .array/port v0xb0c512c60, 208;
v0xb0c512c60_209 .array/port v0xb0c512c60, 209;
v0xb0c512c60_210 .array/port v0xb0c512c60, 210;
E_0xb0d4d8040/52 .event anyedge, v0xb0c512c60_207, v0xb0c512c60_208, v0xb0c512c60_209, v0xb0c512c60_210;
v0xb0c512c60_211 .array/port v0xb0c512c60, 211;
v0xb0c512c60_212 .array/port v0xb0c512c60, 212;
v0xb0c512c60_213 .array/port v0xb0c512c60, 213;
v0xb0c512c60_214 .array/port v0xb0c512c60, 214;
E_0xb0d4d8040/53 .event anyedge, v0xb0c512c60_211, v0xb0c512c60_212, v0xb0c512c60_213, v0xb0c512c60_214;
v0xb0c512c60_215 .array/port v0xb0c512c60, 215;
v0xb0c512c60_216 .array/port v0xb0c512c60, 216;
v0xb0c512c60_217 .array/port v0xb0c512c60, 217;
v0xb0c512c60_218 .array/port v0xb0c512c60, 218;
E_0xb0d4d8040/54 .event anyedge, v0xb0c512c60_215, v0xb0c512c60_216, v0xb0c512c60_217, v0xb0c512c60_218;
v0xb0c512c60_219 .array/port v0xb0c512c60, 219;
v0xb0c512c60_220 .array/port v0xb0c512c60, 220;
v0xb0c512c60_221 .array/port v0xb0c512c60, 221;
v0xb0c512c60_222 .array/port v0xb0c512c60, 222;
E_0xb0d4d8040/55 .event anyedge, v0xb0c512c60_219, v0xb0c512c60_220, v0xb0c512c60_221, v0xb0c512c60_222;
v0xb0c512c60_223 .array/port v0xb0c512c60, 223;
v0xb0c512c60_224 .array/port v0xb0c512c60, 224;
v0xb0c512c60_225 .array/port v0xb0c512c60, 225;
v0xb0c512c60_226 .array/port v0xb0c512c60, 226;
E_0xb0d4d8040/56 .event anyedge, v0xb0c512c60_223, v0xb0c512c60_224, v0xb0c512c60_225, v0xb0c512c60_226;
v0xb0c512c60_227 .array/port v0xb0c512c60, 227;
v0xb0c512c60_228 .array/port v0xb0c512c60, 228;
v0xb0c512c60_229 .array/port v0xb0c512c60, 229;
v0xb0c512c60_230 .array/port v0xb0c512c60, 230;
E_0xb0d4d8040/57 .event anyedge, v0xb0c512c60_227, v0xb0c512c60_228, v0xb0c512c60_229, v0xb0c512c60_230;
v0xb0c512c60_231 .array/port v0xb0c512c60, 231;
v0xb0c512c60_232 .array/port v0xb0c512c60, 232;
v0xb0c512c60_233 .array/port v0xb0c512c60, 233;
v0xb0c512c60_234 .array/port v0xb0c512c60, 234;
E_0xb0d4d8040/58 .event anyedge, v0xb0c512c60_231, v0xb0c512c60_232, v0xb0c512c60_233, v0xb0c512c60_234;
v0xb0c512c60_235 .array/port v0xb0c512c60, 235;
v0xb0c512c60_236 .array/port v0xb0c512c60, 236;
v0xb0c512c60_237 .array/port v0xb0c512c60, 237;
v0xb0c512c60_238 .array/port v0xb0c512c60, 238;
E_0xb0d4d8040/59 .event anyedge, v0xb0c512c60_235, v0xb0c512c60_236, v0xb0c512c60_237, v0xb0c512c60_238;
v0xb0c512c60_239 .array/port v0xb0c512c60, 239;
v0xb0c512c60_240 .array/port v0xb0c512c60, 240;
v0xb0c512c60_241 .array/port v0xb0c512c60, 241;
v0xb0c512c60_242 .array/port v0xb0c512c60, 242;
E_0xb0d4d8040/60 .event anyedge, v0xb0c512c60_239, v0xb0c512c60_240, v0xb0c512c60_241, v0xb0c512c60_242;
v0xb0c512c60_243 .array/port v0xb0c512c60, 243;
v0xb0c512c60_244 .array/port v0xb0c512c60, 244;
v0xb0c512c60_245 .array/port v0xb0c512c60, 245;
v0xb0c512c60_246 .array/port v0xb0c512c60, 246;
E_0xb0d4d8040/61 .event anyedge, v0xb0c512c60_243, v0xb0c512c60_244, v0xb0c512c60_245, v0xb0c512c60_246;
v0xb0c512c60_247 .array/port v0xb0c512c60, 247;
v0xb0c512c60_248 .array/port v0xb0c512c60, 248;
v0xb0c512c60_249 .array/port v0xb0c512c60, 249;
v0xb0c512c60_250 .array/port v0xb0c512c60, 250;
E_0xb0d4d8040/62 .event anyedge, v0xb0c512c60_247, v0xb0c512c60_248, v0xb0c512c60_249, v0xb0c512c60_250;
v0xb0c512c60_251 .array/port v0xb0c512c60, 251;
v0xb0c512c60_252 .array/port v0xb0c512c60, 252;
v0xb0c512c60_253 .array/port v0xb0c512c60, 253;
v0xb0c512c60_254 .array/port v0xb0c512c60, 254;
E_0xb0d4d8040/63 .event anyedge, v0xb0c512c60_251, v0xb0c512c60_252, v0xb0c512c60_253, v0xb0c512c60_254;
v0xb0c512c60_255 .array/port v0xb0c512c60, 255;
E_0xb0d4d8040/64 .event anyedge, v0xb0c512c60_255;
E_0xb0d4d8040 .event/or E_0xb0d4d8040/0, E_0xb0d4d8040/1, E_0xb0d4d8040/2, E_0xb0d4d8040/3, E_0xb0d4d8040/4, E_0xb0d4d8040/5, E_0xb0d4d8040/6, E_0xb0d4d8040/7, E_0xb0d4d8040/8, E_0xb0d4d8040/9, E_0xb0d4d8040/10, E_0xb0d4d8040/11, E_0xb0d4d8040/12, E_0xb0d4d8040/13, E_0xb0d4d8040/14, E_0xb0d4d8040/15, E_0xb0d4d8040/16, E_0xb0d4d8040/17, E_0xb0d4d8040/18, E_0xb0d4d8040/19, E_0xb0d4d8040/20, E_0xb0d4d8040/21, E_0xb0d4d8040/22, E_0xb0d4d8040/23, E_0xb0d4d8040/24, E_0xb0d4d8040/25, E_0xb0d4d8040/26, E_0xb0d4d8040/27, E_0xb0d4d8040/28, E_0xb0d4d8040/29, E_0xb0d4d8040/30, E_0xb0d4d8040/31, E_0xb0d4d8040/32, E_0xb0d4d8040/33, E_0xb0d4d8040/34, E_0xb0d4d8040/35, E_0xb0d4d8040/36, E_0xb0d4d8040/37, E_0xb0d4d8040/38, E_0xb0d4d8040/39, E_0xb0d4d8040/40, E_0xb0d4d8040/41, E_0xb0d4d8040/42, E_0xb0d4d8040/43, E_0xb0d4d8040/44, E_0xb0d4d8040/45, E_0xb0d4d8040/46, E_0xb0d4d8040/47, E_0xb0d4d8040/48, E_0xb0d4d8040/49, E_0xb0d4d8040/50, E_0xb0d4d8040/51, E_0xb0d4d8040/52, E_0xb0d4d8040/53, E_0xb0d4d8040/54, E_0xb0d4d8040/55, E_0xb0d4d8040/56, E_0xb0d4d8040/57, E_0xb0d4d8040/58, E_0xb0d4d8040/59, E_0xb0d4d8040/60, E_0xb0d4d8040/61, E_0xb0d4d8040/62, E_0xb0d4d8040/63, E_0xb0d4d8040/64;
S_0xb0c50cd80 .scope module, "pc_inst" "program_counter" 4 43, 15 14 0, S_0x101103d90;
 .timescale -9 -12;
    .port_info 0 /INPUT 32 "pc_in";
    .port_info 1 /INPUT 1 "clk";
    .port_info 2 /INPUT 1 "rst";
    .port_info 3 /OUTPUT 32 "pc_out";
P_0xb0c449b40 .param/l "XLEN" 0 15 14, +C4<00000000000000000000000000100000>;
v0xb0c512e40_0 .net "clk", 0 0, v0xb0c53b980_0;  alias, 1 drivers
v0xb0c512ee0_0 .net "pc_in", 31 0, v0xb0c53a580_0;  1 drivers
v0xb0c512f80_0 .var "pc_out", 31 0;
v0xb0c513020_0 .net "rst", 0 0, v0xb0c53bc00_0;  alias, 1 drivers
S_0xb0c50cf00 .scope module, "rfile" "register_file" 4 96, 16 1 0, S_0x101103d90;
 .timescale -9 -12;
    .port_info 0 /INPUT 5 "readreg1";
    .port_info 1 /INPUT 5 "readreg2";
    .port_info 2 /INPUT 5 "writereg";
    .port_info 3 /INPUT 1 "clk";
    .port_info 4 /INPUT 1 "write_en";
    .port_info 5 /INPUT 32 "write_data";
    .port_info 6 /OUTPUT 32 "readout1";
    .port_info 7 /OUTPUT 32 "readout2";
P_0xb0c449a00 .param/l "XLEN" 0 16 1, +C4<00000000000000000000000000100000>;
v0xb0c5130c0_0 .net "clk", 0 0, v0xb0c53b980_0;  alias, 1 drivers
v0xb0c513160_0 .var/i "k", 31 0;
v0xb0c513200_0 .var "readout1", 31 0;
v0xb0c5132a0_0 .var "readout2", 31 0;
v0xb0c513340_0 .net "readreg1", 4 0, L_0xb0c53bd40;  alias, 1 drivers
v0xb0c5133e0_0 .net "readreg2", 4 0, L_0xb0c53bde0;  alias, 1 drivers
v0xb0c513480_0 .net "write_data", 31 0, v0xb0c53b8e0_0;  alias, 1 drivers
v0xb0c513520_0 .net "write_en", 0 0, v0xb0c510780_0;  alias, 1 drivers
v0xb0c5135c0_0 .net "writereg", 4 0, v0xb0c5114a0_0;  alias, 1 drivers
v0xb0c513660 .array "x", 0 31, 31 0;
v0xb0c513660_0 .array/port v0xb0c513660, 0;
v0xb0c513660_1 .array/port v0xb0c513660, 1;
v0xb0c513660_2 .array/port v0xb0c513660, 2;
E_0xb0d4d8080/0 .event anyedge, v0xb0c4b2300_0, v0xb0c513660_0, v0xb0c513660_1, v0xb0c513660_2;
v0xb0c513660_3 .array/port v0xb0c513660, 3;
v0xb0c513660_4 .array/port v0xb0c513660, 4;
v0xb0c513660_5 .array/port v0xb0c513660, 5;
v0xb0c513660_6 .array/port v0xb0c513660, 6;
E_0xb0d4d8080/1 .event anyedge, v0xb0c513660_3, v0xb0c513660_4, v0xb0c513660_5, v0xb0c513660_6;
v0xb0c513660_7 .array/port v0xb0c513660, 7;
v0xb0c513660_8 .array/port v0xb0c513660, 8;
v0xb0c513660_9 .array/port v0xb0c513660, 9;
v0xb0c513660_10 .array/port v0xb0c513660, 10;
E_0xb0d4d8080/2 .event anyedge, v0xb0c513660_7, v0xb0c513660_8, v0xb0c513660_9, v0xb0c513660_10;
v0xb0c513660_11 .array/port v0xb0c513660, 11;
v0xb0c513660_12 .array/port v0xb0c513660, 12;
v0xb0c513660_13 .array/port v0xb0c513660, 13;
v0xb0c513660_14 .array/port v0xb0c513660, 14;
E_0xb0d4d8080/3 .event anyedge, v0xb0c513660_11, v0xb0c513660_12, v0xb0c513660_13, v0xb0c513660_14;
v0xb0c513660_15 .array/port v0xb0c513660, 15;
v0xb0c513660_16 .array/port v0xb0c513660, 16;
v0xb0c513660_17 .array/port v0xb0c513660, 17;
v0xb0c513660_18 .array/port v0xb0c513660, 18;
E_0xb0d4d8080/4 .event anyedge, v0xb0c513660_15, v0xb0c513660_16, v0xb0c513660_17, v0xb0c513660_18;
v0xb0c513660_19 .array/port v0xb0c513660, 19;
v0xb0c513660_20 .array/port v0xb0c513660, 20;
v0xb0c513660_21 .array/port v0xb0c513660, 21;
v0xb0c513660_22 .array/port v0xb0c513660, 22;
E_0xb0d4d8080/5 .event anyedge, v0xb0c513660_19, v0xb0c513660_20, v0xb0c513660_21, v0xb0c513660_22;
v0xb0c513660_23 .array/port v0xb0c513660, 23;
v0xb0c513660_24 .array/port v0xb0c513660, 24;
v0xb0c513660_25 .array/port v0xb0c513660, 25;
v0xb0c513660_26 .array/port v0xb0c513660, 26;
E_0xb0d4d8080/6 .event anyedge, v0xb0c513660_23, v0xb0c513660_24, v0xb0c513660_25, v0xb0c513660_26;
v0xb0c513660_27 .array/port v0xb0c513660, 27;
v0xb0c513660_28 .array/port v0xb0c513660, 28;
v0xb0c513660_29 .array/port v0xb0c513660, 29;
v0xb0c513660_30 .array/port v0xb0c513660, 30;
E_0xb0d4d8080/7 .event anyedge, v0xb0c513660_27, v0xb0c513660_28, v0xb0c513660_29, v0xb0c513660_30;
v0xb0c513660_31 .array/port v0xb0c513660, 31;
E_0xb0d4d8080/8 .event anyedge, v0xb0c513660_31, v0xb0c4b23a0_0;
E_0xb0d4d8080 .event/or E_0xb0d4d8080/0, E_0xb0d4d8080/1, E_0xb0d4d8080/2, E_0xb0d4d8080/3, E_0xb0d4d8080/4, E_0xb0d4d8080/5, E_0xb0d4d8080/6, E_0xb0d4d8080/7, E_0xb0d4d8080/8;
S_0xb0c50d080 .scope module, "sext" "sign_extend" 4 111, 17 1 0, S_0x101103d90;
 .timescale -9 -12;
    .port_info 0 /INPUT 32 "inst";
    .port_info 1 /INPUT 3 "instr_type";
    .port_info 2 /OUTPUT 32 "immsext";
P_0xb0c449c80 .param/l "XLEN" 0 17 1, +C4<00000000000000000000000000100000>;
v0xb0c513700_0 .var "immsext", 31 0;
v0xb0c5137a0_0 .net "inst", 31 0, v0xb0c510140_0;  alias, 1 drivers
v0xb0c513840_0 .net "instr_type", 2 0, v0xb0c5124e0_0;  alias, 1 drivers
E_0xb0d4d8100 .event anyedge, v0xb0c4b30c0_0, v0xb0c510140_0;
    .scope S_0xb0c50cd80;
T_0 ;
    %wait E_0xb0d4ddec0;
    %load/vec4 v0xb0c513020_0;
    %flag_set/vec4 8;
    %jmp/0xz  T_0.0, 8;
    %pushi/vec4 0, 0, 32;
    %assign/vec4 v0xb0c512f80_0, 0;
    %jmp T_0.1;
T_0.0 ;
    %load/vec4 v0xb0c512ee0_0;
    %assign/vec4 v0xb0c512f80_0, 0;
T_0.1 ;
    %jmp T_0;
    .thread T_0;
    .scope S_0xb0c50cc00;
T_1 ;
    %vpi_call/w 14 4 "$readmemh", "program.hex", v0xb0c512c60 {0 0 0};
    %end;
    .thread T_1;
    .scope S_0xb0c50cc00;
T_2 ;
    %wait E_0xb0d4d8040;
    %load/vec4 v0xb0c512da0_0;
    %pad/u 10;
    %ix/vec4 4;
    %load/vec4a v0xb0c512c60, 4;
    %store/vec4 v0xb0c512d00_0, 0, 32;
    %jmp T_2;
    .thread T_2, $push;
    .scope S_0xb0c50c480;
T_3 ;
    %wait E_0xb0d4ddec0;
    %load/vec4 v0xb0c510460_0;
    %flag_set/vec4 8;
    %jmp/1 T_3.2, 8;
    %load/vec4 v0xb0c510000_0;
    %flag_set/vec4 9;
    %flag_or 8, 9;
T_3.2;
    %jmp/0xz  T_3.0, 8;
    %pushi/vec4 0, 0, 32;
    %assign/vec4 v0xb0c510280_0, 0;
    %pushi/vec4 0, 0, 32;
    %assign/vec4 v0xb0c5103c0_0, 0;
    %pushi/vec4 0, 0, 32;
    %assign/vec4 v0xb0c510140_0, 0;
    %jmp T_3.1;
T_3.0 ;
    %load/vec4 v0xb0c510500_0;
    %nor/r;
    %flag_set/vec4 8;
    %jmp/0xz  T_3.3, 8;
    %load/vec4 v0xb0c5101e0_0;
    %assign/vec4 v0xb0c510280_0, 0;
    %load/vec4 v0xb0c510320_0;
    %assign/vec4 v0xb0c5103c0_0, 0;
    %load/vec4 v0xb0c5100a0_0;
    %assign/vec4 v0xb0c510140_0, 0;
T_3.3 ;
T_3.1 ;
    %jmp T_3;
    .thread T_3;
    .scope S_0xb0c50c900;
T_4 ;
    %wait E_0xb0d4de000;
    %pushi/vec4 0, 0, 4;
    %store/vec4 v0xb0c5121c0_0, 0, 4;
    %pushi/vec4 0, 0, 3;
    %store/vec4 v0xb0c5124e0_0, 0, 3;
    %pushi/vec4 0, 0, 1;
    %store/vec4 v0xb0c5126c0_0, 0, 1;
    %pushi/vec4 0, 0, 1;
    %store/vec4 v0xb0c512580_0, 0, 1;
    %pushi/vec4 0, 0, 1;
    %store/vec4 v0xb0c512760_0, 0, 1;
    %pushi/vec4 0, 0, 1;
    %store/vec4 v0xb0c512260_0, 0, 1;
    %pushi/vec4 0, 0, 1;
    %store/vec4 v0xb0c512620_0, 0, 1;
    %load/vec4 v0xb0c512800_0;
    %dup/vec4;
    %pushi/vec4 51, 0, 7;
    %cmp/u;
    %jmp/1 T_4.0, 6;
    %dup/vec4;
    %pushi/vec4 19, 0, 7;
    %cmp/u;
    %jmp/1 T_4.1, 6;
    %dup/vec4;
    %pushi/vec4 3, 0, 7;
    %cmp/u;
    %jmp/1 T_4.2, 6;
    %dup/vec4;
    %pushi/vec4 35, 0, 7;
    %cmp/u;
    %jmp/1 T_4.3, 6;
    %dup/vec4;
    %pushi/vec4 99, 0, 7;
    %cmp/u;
    %jmp/1 T_4.4, 6;
    %dup/vec4;
    %pushi/vec4 111, 0, 7;
    %cmp/u;
    %jmp/1 T_4.5, 6;
    %dup/vec4;
    %pushi/vec4 103, 0, 7;
    %cmp/u;
    %jmp/1 T_4.6, 6;
    %dup/vec4;
    %pushi/vec4 55, 0, 7;
    %cmp/u;
    %jmp/1 T_4.7, 6;
    %dup/vec4;
    %pushi/vec4 23, 0, 7;
    %cmp/u;
    %jmp/1 T_4.8, 6;
    %jmp T_4.9;
T_4.0 ;
    %pushi/vec4 0, 0, 3;
    %store/vec4 v0xb0c5124e0_0, 0, 3;
    %load/vec4 v0xb0c512300_0;
    %load/vec4 v0xb0c5123a0_0;
    %parti/s 1, 5, 4;
    %concat/vec4; draw_concat_vec4
    %dup/vec4;
    %pushi/vec4 0, 0, 4;
    %cmp/u;
    %jmp/1 T_4.10, 6;
    %dup/vec4;
    %pushi/vec4 1, 0, 4;
    %cmp/u;
    %jmp/1 T_4.11, 6;
    %dup/vec4;
    %pushi/vec4 8, 0, 4;
    %cmp/u;
    %jmp/1 T_4.12, 6;
    %dup/vec4;
    %pushi/vec4 12, 0, 4;
    %cmp/u;
    %jmp/1 T_4.13, 6;
    %dup/vec4;
    %pushi/vec4 14, 0, 4;
    %cmp/u;
    %jmp/1 T_4.14, 6;
    %dup/vec4;
    %pushi/vec4 2, 0, 4;
    %cmp/u;
    %jmp/1 T_4.15, 6;
    %dup/vec4;
    %pushi/vec4 10, 0, 4;
    %cmp/u;
    %jmp/1 T_4.16, 6;
    %dup/vec4;
    %pushi/vec4 11, 0, 4;
    %cmp/u;
    %jmp/1 T_4.17, 6;
    %dup/vec4;
    %pushi/vec4 4, 0, 4;
    %cmp/u;
    %jmp/1 T_4.18, 6;
    %dup/vec4;
    %pushi/vec4 6, 0, 4;
    %cmp/u;
    %jmp/1 T_4.19, 6;
    %jmp T_4.20;
T_4.10 ;
    %pushi/vec4 0, 0, 4;
    %store/vec4 v0xb0c5121c0_0, 0, 4;
    %jmp T_4.20;
T_4.11 ;
    %pushi/vec4 1, 0, 4;
    %store/vec4 v0xb0c5121c0_0, 0, 4;
    %jmp T_4.20;
T_4.12 ;
    %pushi/vec4 6, 0, 4;
    %store/vec4 v0xb0c5121c0_0, 0, 4;
    %jmp T_4.20;
T_4.13 ;
    %pushi/vec4 5, 0, 4;
    %store/vec4 v0xb0c5121c0_0, 0, 4;
    %jmp T_4.20;
T_4.14 ;
    %pushi/vec4 4, 0, 4;
    %store/vec4 v0xb0c5121c0_0, 0, 4;
    %jmp T_4.20;
T_4.15 ;
    %pushi/vec4 7, 0, 4;
    %store/vec4 v0xb0c5121c0_0, 0, 4;
    %jmp T_4.20;
T_4.16 ;
    %pushi/vec4 8, 0, 4;
    %store/vec4 v0xb0c5121c0_0, 0, 4;
    %jmp T_4.20;
T_4.17 ;
    %pushi/vec4 9, 0, 4;
    %store/vec4 v0xb0c5121c0_0, 0, 4;
    %jmp T_4.20;
T_4.18 ;
    %pushi/vec4 3, 0, 4;
    %store/vec4 v0xb0c5121c0_0, 0, 4;
    %jmp T_4.20;
T_4.19 ;
    %pushi/vec4 2, 0, 4;
    %store/vec4 v0xb0c5121c0_0, 0, 4;
    %jmp T_4.20;
T_4.20 ;
    %pop/vec4 1;
    %jmp T_4.9;
T_4.1 ;
    %pushi/vec4 1, 0, 3;
    %store/vec4 v0xb0c5124e0_0, 0, 3;
    %load/vec4 v0xb0c512300_0;
    %dup/vec4;
    %pushi/vec4 0, 0, 3;
    %cmp/u;
    %jmp/1 T_4.21, 6;
    %dup/vec4;
    %pushi/vec4 4, 0, 3;
    %cmp/u;
    %jmp/1 T_4.22, 6;
    %dup/vec4;
    %pushi/vec4 6, 0, 3;
    %cmp/u;
    %jmp/1 T_4.23, 6;
    %dup/vec4;
    %pushi/vec4 7, 0, 3;
    %cmp/u;
    %jmp/1 T_4.24, 6;
    %dup/vec4;
    %pushi/vec4 1, 0, 3;
    %cmp/u;
    %jmp/1 T_4.25, 6;
    %dup/vec4;
    %pushi/vec4 5, 0, 3;
    %cmp/u;
    %jmp/1 T_4.26, 6;
    %dup/vec4;
    %pushi/vec4 2, 0, 3;
    %cmp/u;
    %jmp/1 T_4.27, 6;
    %dup/vec4;
    %pushi/vec4 3, 0, 3;
    %cmp/u;
    %jmp/1 T_4.28, 6;
    %jmp T_4.29;
T_4.21 ;
    %pushi/vec4 0, 0, 4;
    %store/vec4 v0xb0c5121c0_0, 0, 4;
    %jmp T_4.29;
T_4.22 ;
    %pushi/vec4 6, 0, 4;
    %store/vec4 v0xb0c5121c0_0, 0, 4;
    %jmp T_4.29;
T_4.23 ;
    %pushi/vec4 5, 0, 4;
    %store/vec4 v0xb0c5121c0_0, 0, 4;
    %jmp T_4.29;
T_4.24 ;
    %pushi/vec4 4, 0, 4;
    %store/vec4 v0xb0c5121c0_0, 0, 4;
    %jmp T_4.29;
T_4.25 ;
    %pushi/vec4 7, 0, 4;
    %store/vec4 v0xb0c5121c0_0, 0, 4;
    %jmp T_4.29;
T_4.26 ;
    %load/vec4 v0xb0c5123a0_0;
    %parti/s 1, 5, 4;
    %flag_set/vec4 8;
    %jmp/0xz  T_4.30, 8;
    %pushi/vec4 9, 0, 4;
    %store/vec4 v0xb0c5121c0_0, 0, 4;
    %jmp T_4.31;
T_4.30 ;
    %pushi/vec4 8, 0, 4;
    %store/vec4 v0xb0c5121c0_0, 0, 4;
T_4.31 ;
    %jmp T_4.29;
T_4.27 ;
    %pushi/vec4 3, 0, 4;
    %store/vec4 v0xb0c5121c0_0, 0, 4;
    %jmp T_4.29;
T_4.28 ;
    %pushi/vec4 2, 0, 4;
    %store/vec4 v0xb0c5121c0_0, 0, 4;
    %jmp T_4.29;
T_4.29 ;
    %pop/vec4 1;
    %jmp T_4.9;
T_4.2 ;
    %pushi/vec4 1, 0, 3;
    %store/vec4 v0xb0c5124e0_0, 0, 3;
    %load/vec4 v0xb0c512300_0;
    %dup/vec4;
    %pushi/vec4 0, 0, 3;
    %cmp/u;
    %jmp/1 T_4.32, 6;
    %dup/vec4;
    %pushi/vec4 1, 0, 3;
    %cmp/u;
    %jmp/1 T_4.33, 6;
    %dup/vec4;
    %pushi/vec4 2, 0, 3;
    %cmp/u;
    %jmp/1 T_4.34, 6;
    %dup/vec4;
    %pushi/vec4 4, 0, 3;
    %cmp/u;
    %jmp/1 T_4.35, 6;
    %dup/vec4;
    %pushi/vec4 5, 0, 3;
    %cmp/u;
    %jmp/1 T_4.36, 6;
    %jmp T_4.37;
T_4.32 ;
    %pushi/vec4 1, 0, 1;
    %store/vec4 v0xb0c5126c0_0, 0, 1;
    %jmp T_4.37;
T_4.33 ;
    %pushi/vec4 1, 0, 1;
    %store/vec4 v0xb0c5126c0_0, 0, 1;
    %jmp T_4.37;
T_4.34 ;
    %pushi/vec4 1, 0, 1;
    %store/vec4 v0xb0c5126c0_0, 0, 1;
    %jmp T_4.37;
T_4.35 ;
    %pushi/vec4 1, 0, 1;
    %store/vec4 v0xb0c5126c0_0, 0, 1;
    %jmp T_4.37;
T_4.36 ;
    %pushi/vec4 1, 0, 1;
    %store/vec4 v0xb0c5126c0_0, 0, 1;
    %jmp T_4.37;
T_4.37 ;
    %pop/vec4 1;
    %jmp T_4.9;
T_4.3 ;
    %pushi/vec4 2, 0, 3;
    %store/vec4 v0xb0c5124e0_0, 0, 3;
    %jmp T_4.9;
T_4.4 ;
    %pushi/vec4 3, 0, 3;
    %store/vec4 v0xb0c5124e0_0, 0, 3;
    %load/vec4 v0xb0c512300_0;
    %dup/vec4;
    %pushi/vec4 0, 0, 3;
    %cmp/u;
    %jmp/1 T_4.38, 6;
    %dup/vec4;
    %pushi/vec4 1, 0, 3;
    %cmp/u;
    %jmp/1 T_4.39, 6;
    %dup/vec4;
    %pushi/vec4 4, 0, 3;
    %cmp/u;
    %jmp/1 T_4.40, 6;
    %dup/vec4;
    %pushi/vec4 5, 0, 3;
    %cmp/u;
    %jmp/1 T_4.41, 6;
    %dup/vec4;
    %pushi/vec4 6, 0, 3;
    %cmp/u;
    %jmp/1 T_4.42, 6;
    %dup/vec4;
    %pushi/vec4 7, 0, 3;
    %cmp/u;
    %jmp/1 T_4.43, 6;
    %jmp T_4.44;
T_4.38 ;
    %pushi/vec4 1, 0, 4;
    %store/vec4 v0xb0c5121c0_0, 0, 4;
    %jmp T_4.44;
T_4.39 ;
    %pushi/vec4 1, 0, 4;
    %store/vec4 v0xb0c5121c0_0, 0, 4;
    %jmp T_4.44;
T_4.40 ;
    %pushi/vec4 3, 0, 4;
    %store/vec4 v0xb0c5121c0_0, 0, 4;
    %jmp T_4.44;
T_4.41 ;
    %pushi/vec4 3, 0, 4;
    %store/vec4 v0xb0c5121c0_0, 0, 4;
    %jmp T_4.44;
T_4.42 ;
    %pushi/vec4 2, 0, 4;
    %store/vec4 v0xb0c5121c0_0, 0, 4;
    %jmp T_4.44;
T_4.43 ;
    %pushi/vec4 2, 0, 4;
    %store/vec4 v0xb0c5121c0_0, 0, 4;
    %jmp T_4.44;
T_4.44 ;
    %pop/vec4 1;
    %jmp T_4.9;
T_4.5 ;
    %pushi/vec4 5, 0, 3;
    %store/vec4 v0xb0c5124e0_0, 0, 3;
    %pushi/vec4 1, 0, 1;
    %store/vec4 v0xb0c512620_0, 0, 1;
    %jmp T_4.9;
T_4.6 ;
    %pushi/vec4 1, 0, 3;
    %store/vec4 v0xb0c5124e0_0, 0, 3;
    %pushi/vec4 1, 0, 1;
    %store/vec4 v0xb0c512580_0, 0, 1;
    %jmp T_4.9;
T_4.7 ;
    %pushi/vec4 4, 0, 3;
    %store/vec4 v0xb0c5124e0_0, 0, 3;
    %pushi/vec4 1, 0, 1;
    %store/vec4 v0xb0c512760_0, 0, 1;
    %jmp T_4.9;
T_4.8 ;
    %pushi/vec4 4, 0, 3;
    %store/vec4 v0xb0c5124e0_0, 0, 3;
    %pushi/vec4 1, 0, 1;
    %store/vec4 v0xb0c512260_0, 0, 1;
    %jmp T_4.9;
T_4.9 ;
    %pop/vec4 1;
    %jmp T_4;
    .thread T_4, $push;
    .scope S_0xb0c50cf00;
T_5 ;
    %pushi/vec4 0, 0, 32;
    %store/vec4 v0xb0c513160_0, 0, 32;
T_5.0 ; Top of for-loop
    %load/vec4 v0xb0c513160_0;
    %cmpi/s 32, 0, 32;
	  %jmp/0xz T_5.1, 5;
    %pushi/vec4 0, 0, 32;
    %ix/getv/s 4, v0xb0c513160_0;
    %store/vec4a v0xb0c513660, 4, 0;
T_5.2 ; for-loop step statement
    %load/vec4 v0xb0c513160_0;
    %addi 1, 0, 32;
    %store/vec4 v0xb0c513160_0, 0, 32;
    %jmp T_5.0;
T_5.1 ; for-loop exit label
    %end;
    .thread T_5;
    .scope S_0xb0c50cf00;
T_6 ;
    %wait E_0xb0d4d8080;
    %load/vec4 v0xb0c513340_0;
    %cmpi/e 0, 0, 5;
    %flag_mov 8, 4;
    %jmp/0 T_6.0, 8;
    %pushi/vec4 0, 0, 32;
    %jmp/1 T_6.1, 8;
T_6.0 ; End of true expr.
    %load/vec4 v0xb0c513340_0;
    %pad/u 7;
    %ix/vec4 4;
    %load/vec4a v0xb0c513660, 4;
    %jmp/0 T_6.1, 8;
 ; End of false expr.
    %blend;
T_6.1;
    %store/vec4 v0xb0c513200_0, 0, 32;
    %load/vec4 v0xb0c5133e0_0;
    %cmpi/e 0, 0, 5;
    %flag_mov 8, 4;
    %jmp/0 T_6.2, 8;
    %pushi/vec4 0, 0, 32;
    %jmp/1 T_6.3, 8;
T_6.2 ; End of true expr.
    %load/vec4 v0xb0c5133e0_0;
    %pad/u 7;
    %ix/vec4 4;
    %load/vec4a v0xb0c513660, 4;
    %jmp/0 T_6.3, 8;
 ; End of false expr.
    %blend;
T_6.3;
    %store/vec4 v0xb0c5132a0_0, 0, 32;
    %jmp T_6;
    .thread T_6, $push;
    .scope S_0xb0c50cf00;
T_7 ;
    %wait E_0xb0d4ddec0;
    %load/vec4 v0xb0c513520_0;
    %flag_set/vec4 9;
    %flag_get/vec4 9;
    %jmp/0 T_7.2, 9;
    %load/vec4 v0xb0c5135c0_0;
    %pushi/vec4 0, 0, 5;
    %cmp/ne;
    %flag_get/vec4 4;
    %and;
T_7.2;
    %flag_set/vec4 8;
    %jmp/0xz  T_7.0, 8;
    %load/vec4 v0xb0c513480_0;
    %load/vec4 v0xb0c5135c0_0;
    %pad/u 7;
    %ix/vec4 3;
    %ix/load 4, 0, 0; Constant delay
    %assign/vec4/a/d v0xb0c513660, 0, 4;
T_7.0 ;
    %jmp T_7;
    .thread T_7;
    .scope S_0xb0c50d080;
T_8 ;
    %wait E_0xb0d4d8100;
    %load/vec4 v0xb0c513840_0;
    %dup/vec4;
    %pushi/vec4 1, 0, 3;
    %cmp/u;
    %jmp/1 T_8.0, 6;
    %dup/vec4;
    %pushi/vec4 2, 0, 3;
    %cmp/u;
    %jmp/1 T_8.1, 6;
    %dup/vec4;
    %pushi/vec4 3, 0, 3;
    %cmp/u;
    %jmp/1 T_8.2, 6;
    %dup/vec4;
    %pushi/vec4 5, 0, 3;
    %cmp/u;
    %jmp/1 T_8.3, 6;
    %dup/vec4;
    %pushi/vec4 4, 0, 3;
    %cmp/u;
    %jmp/1 T_8.4, 6;
    %pushi/vec4 0, 0, 32;
    %store/vec4 v0xb0c513700_0, 0, 32;
    %jmp T_8.6;
T_8.0 ;
    %load/vec4 v0xb0c5137a0_0;
    %parti/s 1, 31, 6;
    %replicate 20;
    %load/vec4 v0xb0c5137a0_0;
    %parti/s 12, 20, 6;
    %concat/vec4; draw_concat_vec4
    %store/vec4 v0xb0c513700_0, 0, 32;
    %jmp T_8.6;
T_8.1 ;
    %load/vec4 v0xb0c5137a0_0;
    %parti/s 1, 31, 6;
    %replicate 20;
    %load/vec4 v0xb0c5137a0_0;
    %parti/s 7, 25, 6;
    %concat/vec4; draw_concat_vec4
    %load/vec4 v0xb0c5137a0_0;
    %parti/s 5, 7, 4;
    %concat/vec4; draw_concat_vec4
    %store/vec4 v0xb0c513700_0, 0, 32;
    %jmp T_8.6;
T_8.2 ;
    %load/vec4 v0xb0c5137a0_0;
    %parti/s 1, 31, 6;
    %replicate 19;
    %load/vec4 v0xb0c5137a0_0;
    %parti/s 1, 31, 6;
    %concat/vec4; draw_concat_vec4
    %load/vec4 v0xb0c5137a0_0;
    %parti/s 1, 7, 4;
    %concat/vec4; draw_concat_vec4
    %load/vec4 v0xb0c5137a0_0;
    %parti/s 6, 25, 6;
    %concat/vec4; draw_concat_vec4
    %load/vec4 v0xb0c5137a0_0;
    %parti/s 4, 8, 5;
    %concat/vec4; draw_concat_vec4
    %concati/vec4 0, 0, 1;
    %store/vec4 v0xb0c513700_0, 0, 32;
    %jmp T_8.6;
T_8.3 ;
    %load/vec4 v0xb0c5137a0_0;
    %parti/s 1, 31, 6;
    %replicate 11;
    %load/vec4 v0xb0c5137a0_0;
    %parti/s 1, 31, 6;
    %concat/vec4; draw_concat_vec4
    %load/vec4 v0xb0c5137a0_0;
    %parti/s 8, 12, 5;
    %concat/vec4; draw_concat_vec4
    %load/vec4 v0xb0c5137a0_0;
    %parti/s 1, 20, 6;
    %concat/vec4; draw_concat_vec4
    %load/vec4 v0xb0c5137a0_0;
    %parti/s 10, 21, 6;
    %concat/vec4; draw_concat_vec4
    %concati/vec4 0, 0, 1;
    %store/vec4 v0xb0c513700_0, 0, 32;
    %jmp T_8.6;
T_8.4 ;
    %load/vec4 v0xb0c5137a0_0;
    %parti/s 20, 12, 5;
    %concati/vec4 0, 0, 12;
    %store/vec4 v0xb0c513700_0, 0, 32;
    %jmp T_8.6;
T_8.6 ;
    %pop/vec4 1;
    %jmp T_8;
    .thread T_8, $push;
    .scope S_0xb0c50c180;
T_9 ;
    %wait E_0xb0d4ddec0;
    %load/vec4 v0xb0c4b3e80_0;
    %flag_set/vec4 8;
    %jmp/1 T_9.2, 8;
    %load/vec4 v0xb0c4b2da0_0;
    %flag_set/vec4 9;
    %flag_or 8, 9;
T_9.2;
    %jmp/0xz  T_9.0, 8;
    %pushi/vec4 0, 0, 32;
    %assign/vec4 v0xb0c4b3660_0, 0;
    %pushi/vec4 0, 0, 32;
    %assign/vec4 v0xb0c4b37a0_0, 0;
    %pushi/vec4 0, 0, 32;
    %assign/vec4 v0xb0c4b3a20_0, 0;
    %pushi/vec4 0, 0, 32;
    %assign/vec4 v0xb0c4b3b60_0, 0;
    %pushi/vec4 0, 0, 32;
    %assign/vec4 v0xb0c4b3020_0, 0;
    %pushi/vec4 0, 0, 5;
    %assign/vec4 v0xb0c4b3ca0_0, 0;
    %pushi/vec4 0, 0, 5;
    %assign/vec4 v0xb0c4b3de0_0, 0;
    %pushi/vec4 0, 0, 5;
    %assign/vec4 v0xb0c4b38e0_0, 0;
    %pushi/vec4 0, 0, 4;
    %assign/vec4 v0xb0c4b2b20_0, 0;
    %pushi/vec4 0, 0, 3;
    %assign/vec4 v0xb0c4b3160_0, 0;
    %pushi/vec4 0, 0, 3;
    %assign/vec4 v0xb0c4b2ee0_0, 0;
    %pushi/vec4 0, 0, 1;
    %assign/vec4 v0xb0c4b2620_0, 0;
    %pushi/vec4 0, 0, 1;
    %assign/vec4 v0xb0c4b28a0_0, 0;
    %pushi/vec4 0, 0, 1;
    %assign/vec4 v0xb0c4b2760_0, 0;
    %pushi/vec4 0, 0, 1;
    %assign/vec4 v0xb0c4b29e0_0, 0;
    %pushi/vec4 0, 0, 1;
    %assign/vec4 v0xb0c4b32a0_0, 0;
    %pushi/vec4 0, 0, 1;
    %assign/vec4 v0xb0c4b3520_0, 0;
    %pushi/vec4 0, 0, 1;
    %assign/vec4 v0xb0c4b2c60_0, 0;
    %pushi/vec4 0, 0, 1;
    %assign/vec4 v0xb0c4b33e0_0, 0;
    %jmp T_9.1;
T_9.0 ;
    %load/vec4 v0xb0c4b35c0_0;
    %assign/vec4 v0xb0c4b3660_0, 0;
    %load/vec4 v0xb0c4b3700_0;
    %assign/vec4 v0xb0c4b37a0_0, 0;
    %load/vec4 v0xb0c4b3980_0;
    %assign/vec4 v0xb0c4b3a20_0, 0;
    %load/vec4 v0xb0c4b3ac0_0;
    %assign/vec4 v0xb0c4b3b60_0, 0;
    %load/vec4 v0xb0c4b2f80_0;
    %assign/vec4 v0xb0c4b3020_0, 0;
    %load/vec4 v0xb0c4b3c00_0;
    %assign/vec4 v0xb0c4b3ca0_0, 0;
    %load/vec4 v0xb0c4b3d40_0;
    %assign/vec4 v0xb0c4b3de0_0, 0;
    %load/vec4 v0xb0c4b3840_0;
    %assign/vec4 v0xb0c4b38e0_0, 0;
    %load/vec4 v0xb0c4b2a80_0;
    %assign/vec4 v0xb0c4b2b20_0, 0;
    %load/vec4 v0xb0c4b30c0_0;
    %assign/vec4 v0xb0c4b3160_0, 0;
    %load/vec4 v0xb0c4b2e40_0;
    %assign/vec4 v0xb0c4b2ee0_0, 0;
    %load/vec4 v0xb0c4b2580_0;
    %assign/vec4 v0xb0c4b2620_0, 0;
    %load/vec4 v0xb0c4b2800_0;
    %assign/vec4 v0xb0c4b28a0_0, 0;
    %load/vec4 v0xb0c4b26c0_0;
    %assign/vec4 v0xb0c4b2760_0, 0;
    %load/vec4 v0xb0c4b2940_0;
    %assign/vec4 v0xb0c4b29e0_0, 0;
    %load/vec4 v0xb0c4b3200_0;
    %assign/vec4 v0xb0c4b32a0_0, 0;
    %load/vec4 v0xb0c4b3480_0;
    %assign/vec4 v0xb0c4b3520_0, 0;
    %load/vec4 v0xb0c4b2bc0_0;
    %assign/vec4 v0xb0c4b2c60_0, 0;
    %load/vec4 v0xb0c4b3340_0;
    %assign/vec4 v0xb0c4b33e0_0, 0;
T_9.1 ;
    %jmp T_9;
    .thread T_9;
    .scope S_0x101103490;
T_10 ;
    %wait E_0xb0d4ddf00;
    %pushi/vec4 0, 0, 2;
    %store/vec4 v0xb0c4b1900_0, 0, 2;
    %load/vec4 v0xb0c4b17c0_0;
    %flag_set/vec4 10;
    %flag_get/vec4 10;
    %jmp/0 T_10.3, 10;
    %load/vec4 v0xb0c4b1860_0;
    %pushi/vec4 0, 0, 5;
    %cmp/ne;
    %flag_get/vec4 4;
    %and;
T_10.3;
    %flag_set/vec4 9;
    %flag_get/vec4 9;
    %jmp/0 T_10.2, 9;
    %load/vec4 v0xb0c4b1860_0;
    %load/vec4 v0xb0c4b1a40_0;
    %cmp/e;
    %flag_get/vec4 4;
    %and;
T_10.2;
    %flag_set/vec4 8;
    %jmp/0xz  T_10.0, 8;
    %pushi/vec4 2, 0, 2;
    %store/vec4 v0xb0c4b1900_0, 0, 2;
    %jmp T_10.1;
T_10.0 ;
    %load/vec4 v0xb0c4b1b80_0;
    %flag_set/vec4 10;
    %flag_get/vec4 10;
    %jmp/0 T_10.7, 10;
    %load/vec4 v0xb0c4b1c20_0;
    %pushi/vec4 0, 0, 5;
    %cmp/ne;
    %flag_get/vec4 4;
    %and;
T_10.7;
    %flag_set/vec4 9;
    %flag_get/vec4 9;
    %jmp/0 T_10.6, 9;
    %load/vec4 v0xb0c4b1c20_0;
    %load/vec4 v0xb0c4b1a40_0;
    %cmp/e;
    %flag_get/vec4 4;
    %and;
T_10.6;
    %flag_set/vec4 8;
    %jmp/0xz  T_10.4, 8;
    %pushi/vec4 1, 0, 2;
    %store/vec4 v0xb0c4b1900_0, 0, 2;
T_10.4 ;
T_10.1 ;
    %pushi/vec4 0, 0, 2;
    %store/vec4 v0xb0c4b19a0_0, 0, 2;
    %load/vec4 v0xb0c4b17c0_0;
    %flag_set/vec4 10;
    %flag_get/vec4 10;
    %jmp/0 T_10.11, 10;
    %load/vec4 v0xb0c4b1860_0;
    %pushi/vec4 0, 0, 5;
    %cmp/ne;
    %flag_get/vec4 4;
    %and;
T_10.11;
    %flag_set/vec4 9;
    %flag_get/vec4 9;
    %jmp/0 T_10.10, 9;
    %load/vec4 v0xb0c4b1860_0;
    %load/vec4 v0xb0c4b1ae0_0;
    %cmp/e;
    %flag_get/vec4 4;
    %and;
T_10.10;
    %flag_set/vec4 8;
    %jmp/0xz  T_10.8, 8;
    %pushi/vec4 2, 0, 2;
    %store/vec4 v0xb0c4b19a0_0, 0, 2;
    %jmp T_10.9;
T_10.8 ;
    %load/vec4 v0xb0c4b1b80_0;
    %flag_set/vec4 10;
    %flag_get/vec4 10;
    %jmp/0 T_10.15, 10;
    %load/vec4 v0xb0c4b1c20_0;
    %pushi/vec4 0, 0, 5;
    %cmp/ne;
    %flag_get/vec4 4;
    %and;
T_10.15;
    %flag_set/vec4 9;
    %flag_get/vec4 9;
    %jmp/0 T_10.14, 9;
    %load/vec4 v0xb0c4b1c20_0;
    %load/vec4 v0xb0c4b1ae0_0;
    %cmp/e;
    %flag_get/vec4 4;
    %and;
T_10.14;
    %flag_set/vec4 8;
    %jmp/0xz  T_10.12, 8;
    %pushi/vec4 1, 0, 2;
    %store/vec4 v0xb0c4b19a0_0, 0, 2;
T_10.12 ;
T_10.9 ;
    %jmp T_10;
    .thread T_10, $push;
    .scope S_0xb0c50c780;
T_11 ;
    %wait E_0xb0d4ddfc0;
    %pushi/vec4 0, 0, 32;
    %store/vec4 v0xb0c5117c0_0, 0, 32;
    %load/vec4 v0xb0c511680_0;
    %dup/vec4;
    %pushi/vec4 0, 0, 4;
    %cmp/u;
    %jmp/1 T_11.0, 6;
    %dup/vec4;
    %pushi/vec4 1, 0, 4;
    %cmp/u;
    %jmp/1 T_11.1, 6;
    %dup/vec4;
    %pushi/vec4 2, 0, 4;
    %cmp/u;
    %jmp/1 T_11.2, 6;
    %dup/vec4;
    %pushi/vec4 3, 0, 4;
    %cmp/u;
    %jmp/1 T_11.3, 6;
    %dup/vec4;
    %pushi/vec4 4, 0, 4;
    %cmp/u;
    %jmp/1 T_11.4, 6;
    %dup/vec4;
    %pushi/vec4 5, 0, 4;
    %cmp/u;
    %jmp/1 T_11.5, 6;
    %dup/vec4;
    %pushi/vec4 6, 0, 4;
    %cmp/u;
    %jmp/1 T_11.6, 6;
    %dup/vec4;
    %pushi/vec4 7, 0, 4;
    %cmp/u;
    %jmp/1 T_11.7, 6;
    %dup/vec4;
    %pushi/vec4 8, 0, 4;
    %cmp/u;
    %jmp/1 T_11.8, 6;
    %dup/vec4;
    %pushi/vec4 9, 0, 4;
    %cmp/u;
    %jmp/1 T_11.9, 6;
    %jmp T_11.10;
T_11.0 ;
    %load/vec4 v0xb0c5115e0_0;
    %load/vec4 v0xb0c511720_0;
    %add;
    %store/vec4 v0xb0c5117c0_0, 0, 32;
    %jmp T_11.10;
T_11.1 ;
    %load/vec4 v0xb0c5115e0_0;
    %load/vec4 v0xb0c511720_0;
    %sub;
    %store/vec4 v0xb0c5117c0_0, 0, 32;
    %jmp T_11.10;
T_11.2 ;
    %pushi/vec4 0, 0, 31;
    %load/vec4 v0xb0c5115e0_0;
    %load/vec4 v0xb0c511720_0;
    %cmp/u;
    %flag_get/vec4 5;
    %concat/vec4; draw_concat_vec4
    %store/vec4 v0xb0c5117c0_0, 0, 32;
    %jmp T_11.10;
T_11.3 ;
    %pushi/vec4 0, 0, 31;
    %load/vec4 v0xb0c5115e0_0;
    %load/vec4 v0xb0c511720_0;
    %cmp/s;
    %flag_get/vec4 5;
    %concat/vec4; draw_concat_vec4
    %store/vec4 v0xb0c5117c0_0, 0, 32;
    %jmp T_11.10;
T_11.4 ;
    %load/vec4 v0xb0c5115e0_0;
    %load/vec4 v0xb0c511720_0;
    %and;
    %store/vec4 v0xb0c5117c0_0, 0, 32;
    %jmp T_11.10;
T_11.5 ;
    %load/vec4 v0xb0c5115e0_0;
    %load/vec4 v0xb0c511720_0;
    %or;
    %store/vec4 v0xb0c5117c0_0, 0, 32;
    %jmp T_11.10;
T_11.6 ;
    %load/vec4 v0xb0c5115e0_0;
    %load/vec4 v0xb0c511720_0;
    %xor;
    %store/vec4 v0xb0c5117c0_0, 0, 32;
    %jmp T_11.10;
T_11.7 ;
    %load/vec4 v0xb0c5115e0_0;
    %load/vec4 v0xb0c511720_0;
    %parti/s 5, 0, 2;
    %ix/vec4 4;
    %shiftl 4;
    %store/vec4 v0xb0c5117c0_0, 0, 32;
    %jmp T_11.10;
T_11.8 ;
    %load/vec4 v0xb0c5115e0_0;
    %load/vec4 v0xb0c511720_0;
    %parti/s 5, 0, 2;
    %ix/vec4 4;
    %shiftr 4;
    %store/vec4 v0xb0c5117c0_0, 0, 32;
    %jmp T_11.10;
T_11.9 ;
    %load/vec4 v0xb0c5115e0_0;
    %load/vec4 v0xb0c511720_0;
    %parti/s 5, 0, 2;
    %ix/vec4 4;
    %shiftr/s 4;
    %store/vec4 v0xb0c5117c0_0, 0, 32;
    %jmp T_11.10;
T_11.10 ;
    %pop/vec4 1;
    %jmp T_11;
    .thread T_11, $push;
    .scope S_0x101103310;
T_12 ;
    %wait E_0xb0d4ddec0;
    %load/vec4 v0xb0c4b15e0_0;
    %flag_set/vec4 8;
    %jmp/0xz  T_12.0, 8;
    %pushi/vec4 0, 0, 32;
    %assign/vec4 v0xb0c4b12c0_0, 0;
    %pushi/vec4 0, 0, 32;
    %assign/vec4 v0xb0c4b0aa0_0, 0;
    %pushi/vec4 0, 0, 32;
    %assign/vec4 v0xb0c4b1720_0, 0;
    %pushi/vec4 0, 0, 32;
    %assign/vec4 v0xb0c4b1400_0, 0;
    %pushi/vec4 0, 0, 32;
    %assign/vec4 v0xb0c4b0dc0_0, 0;
    %pushi/vec4 0, 0, 5;
    %assign/vec4 v0xb0c4b1540_0, 0;
    %pushi/vec4 0, 0, 1;
    %assign/vec4 v0xb0c4b0820_0, 0;
    %pushi/vec4 0, 0, 1;
    %assign/vec4 v0xb0c4b06e0_0, 0;
    %pushi/vec4 0, 0, 1;
    %assign/vec4 v0xb0c4b0960_0, 0;
    %pushi/vec4 0, 0, 1;
    %assign/vec4 v0xb0c4b0f00_0, 0;
    %pushi/vec4 0, 0, 1;
    %assign/vec4 v0xb0c4b1180_0, 0;
    %pushi/vec4 0, 0, 1;
    %assign/vec4 v0xb0c4b0be0_0, 0;
    %pushi/vec4 0, 0, 1;
    %assign/vec4 v0xb0c4b1040_0, 0;
    %jmp T_12.1;
T_12.0 ;
    %load/vec4 v0xb0c4b1220_0;
    %assign/vec4 v0xb0c4b12c0_0, 0;
    %load/vec4 v0xb0c4b0a00_0;
    %assign/vec4 v0xb0c4b0aa0_0, 0;
    %load/vec4 v0xb0c4b1680_0;
    %assign/vec4 v0xb0c4b1720_0, 0;
    %load/vec4 v0xb0c4b1360_0;
    %assign/vec4 v0xb0c4b1400_0, 0;
    %load/vec4 v0xb0c4b0d20_0;
    %assign/vec4 v0xb0c4b0dc0_0, 0;
    %load/vec4 v0xb0c4b14a0_0;
    %assign/vec4 v0xb0c4b1540_0, 0;
    %load/vec4 v0xb0c4b0780_0;
    %assign/vec4 v0xb0c4b0820_0, 0;
    %load/vec4 v0xb0c4b0640_0;
    %assign/vec4 v0xb0c4b06e0_0, 0;
    %load/vec4 v0xb0c4b08c0_0;
    %assign/vec4 v0xb0c4b0960_0, 0;
    %load/vec4 v0xb0c4b0e60_0;
    %assign/vec4 v0xb0c4b0f00_0, 0;
    %load/vec4 v0xb0c4b10e0_0;
    %assign/vec4 v0xb0c4b1180_0, 0;
    %load/vec4 v0xb0c4b0b40_0;
    %assign/vec4 v0xb0c4b0be0_0, 0;
    %load/vec4 v0xb0c4b0fa0_0;
    %assign/vec4 v0xb0c4b1040_0, 0;
T_12.1 ;
    %jmp T_12;
    .thread T_12;
    .scope S_0xb0c50ca80;
T_13 ;
    %wait E_0xb0d4de040;
    %load/vec4 v0xb0c5128a0_0;
    %addi 3, 0, 32;
    %ix/vec4 4;
    %load/vec4a v0xb0c512a80, 4;
    %load/vec4 v0xb0c5128a0_0;
    %addi 2, 0, 32;
    %ix/vec4 4;
    %load/vec4a v0xb0c512a80, 4;
    %concat/vec4; draw_concat_vec4
    %load/vec4 v0xb0c5128a0_0;
    %addi 1, 0, 32;
    %ix/vec4 4;
    %load/vec4a v0xb0c512a80, 4;
    %concat/vec4; draw_concat_vec4
    %ix/getv 4, v0xb0c5128a0_0;
    %load/vec4a v0xb0c512a80, 4;
    %concat/vec4; draw_concat_vec4
    %store/vec4 v0xb0c5129e0_0, 0, 32;
    %jmp T_13;
    .thread T_13, $push;
    .scope S_0xb0c50ca80;
T_14 ;
    %wait E_0xb0d4ddec0;
    %load/vec4 v0xb0c512bc0_0;
    %flag_set/vec4 8;
    %jmp/0xz  T_14.0, 8;
    %load/vec4 v0xb0c512b20_0;
    %split/vec4 8;
    %ix/getv 3, v0xb0c5128a0_0;
    %ix/load 4, 0, 0; Constant delay
    %assign/vec4/a/d v0xb0c512a80, 0, 4;
    %split/vec4 8;
    %load/vec4 v0xb0c5128a0_0;
    %addi 1, 0, 32;
    %ix/vec4 3;
    %ix/load 4, 0, 0; Constant delay
    %assign/vec4/a/d v0xb0c512a80, 0, 4;
    %split/vec4 8;
    %load/vec4 v0xb0c5128a0_0;
    %addi 2, 0, 32;
    %ix/vec4 3;
    %ix/load 4, 0, 0; Constant delay
    %assign/vec4/a/d v0xb0c512a80, 0, 4;
    %load/vec4 v0xb0c5128a0_0;
    %addi 3, 0, 32;
    %ix/vec4 3;
    %ix/load 4, 0, 0; Constant delay
    %assign/vec4/a/d v0xb0c512a80, 0, 4;
T_14.0 ;
    %jmp T_14;
    .thread T_14;
    .scope S_0xb0c50c600;
T_15 ;
    %wait E_0xb0d4ddec0;
    %load/vec4 v0xb0c511540_0;
    %flag_set/vec4 8;
    %jmp/0xz  T_15.0, 8;
    %pushi/vec4 0, 0, 32;
    %assign/vec4 v0xb0c511220_0, 0;
    %pushi/vec4 0, 0, 32;
    %assign/vec4 v0xb0c5108c0_0, 0;
    %pushi/vec4 0, 0, 32;
    %assign/vec4 v0xb0c5110e0_0, 0;
    %pushi/vec4 0, 0, 32;
    %assign/vec4 v0xb0c511360_0, 0;
    %pushi/vec4 0, 0, 32;
    %assign/vec4 v0xb0c510be0_0, 0;
    %pushi/vec4 0, 0, 5;
    %assign/vec4 v0xb0c5114a0_0, 0;
    %pushi/vec4 0, 0, 1;
    %assign/vec4 v0xb0c510780_0, 0;
    %pushi/vec4 0, 0, 1;
    %assign/vec4 v0xb0c510640_0, 0;
    %pushi/vec4 0, 0, 1;
    %assign/vec4 v0xb0c510d20_0, 0;
    %pushi/vec4 0, 0, 1;
    %assign/vec4 v0xb0c510fa0_0, 0;
    %pushi/vec4 0, 0, 1;
    %assign/vec4 v0xb0c510a00_0, 0;
    %pushi/vec4 0, 0, 1;
    %assign/vec4 v0xb0c510e60_0, 0;
    %jmp T_15.1;
T_15.0 ;
    %load/vec4 v0xb0c511180_0;
    %assign/vec4 v0xb0c511220_0, 0;
    %load/vec4 v0xb0c510820_0;
    %assign/vec4 v0xb0c5108c0_0, 0;
    %load/vec4 v0xb0c511040_0;
    %assign/vec4 v0xb0c5110e0_0, 0;
    %load/vec4 v0xb0c5112c0_0;
    %assign/vec4 v0xb0c511360_0, 0;
    %load/vec4 v0xb0c510b40_0;
    %assign/vec4 v0xb0c510be0_0, 0;
    %load/vec4 v0xb0c511400_0;
    %assign/vec4 v0xb0c5114a0_0, 0;
    %load/vec4 v0xb0c5106e0_0;
    %assign/vec4 v0xb0c510780_0, 0;
    %load/vec4 v0xb0c5105a0_0;
    %assign/vec4 v0xb0c510640_0, 0;
    %load/vec4 v0xb0c510c80_0;
    %assign/vec4 v0xb0c510d20_0, 0;
    %load/vec4 v0xb0c510f00_0;
    %assign/vec4 v0xb0c510fa0_0, 0;
    %load/vec4 v0xb0c510960_0;
    %assign/vec4 v0xb0c510a00_0, 0;
    %load/vec4 v0xb0c510dc0_0;
    %assign/vec4 v0xb0c510e60_0, 0;
T_15.1 ;
    %jmp T_15;
    .thread T_15;
    .scope S_0x101103d90;
T_16 ;
    %wait E_0xb0d4dde80;
    %load/vec4 v0xb0c53aa80_0;
    %flag_set/vec4 8;
    %jmp/0xz  T_16.0, 8;
    %load/vec4 v0xb0c53a620_0;
    %store/vec4 v0xb0c53a580_0, 0, 32;
    %jmp T_16.1;
T_16.0 ;
    %load/vec4 v0xb0c538f00_0;
    %flag_set/vec4 8;
    %jmp/0xz  T_16.2, 8;
    %load/vec4 v0xb0c5390e0_0;
    %store/vec4 v0xb0c53a580_0, 0, 32;
    %jmp T_16.3;
T_16.2 ;
    %load/vec4 v0xb0c539180_0;
    %flag_set/vec4 8;
    %jmp/0xz  T_16.4, 8;
    %load/vec4 v0xb0c539220_0;
    %store/vec4 v0xb0c53a580_0, 0, 32;
    %jmp T_16.5;
T_16.4 ;
    %load/vec4 v0xb0c53a620_0;
    %addi 4, 0, 32;
    %store/vec4 v0xb0c53a580_0, 0, 32;
T_16.5 ;
T_16.3 ;
T_16.1 ;
    %jmp T_16;
    .thread T_16, $push;
    .scope S_0x101103d90;
T_17 ;
    %wait E_0xb0d4dde40;
    %load/vec4 v0xb0c539360_0;
    %dup/vec4;
    %pushi/vec4 2, 0, 2;
    %cmp/u;
    %jmp/1 T_17.0, 6;
    %dup/vec4;
    %pushi/vec4 1, 0, 2;
    %cmp/u;
    %jmp/1 T_17.1, 6;
    %load/vec4 v0xb0c53aee0_0;
    %store/vec4 v0xb0c538780_0, 0, 32;
    %jmp T_17.3;
T_17.0 ;
    %load/vec4 v0xb0c5392c0_0;
    %store/vec4 v0xb0c538780_0, 0, 32;
    %jmp T_17.3;
T_17.1 ;
    %load/vec4 v0xb0c53b840_0;
    %store/vec4 v0xb0c538780_0, 0, 32;
    %jmp T_17.3;
T_17.3 ;
    %pop/vec4 1;
    %load/vec4 v0xb0c539400_0;
    %dup/vec4;
    %pushi/vec4 2, 0, 2;
    %cmp/u;
    %jmp/1 T_17.4, 6;
    %dup/vec4;
    %pushi/vec4 1, 0, 2;
    %cmp/u;
    %jmp/1 T_17.5, 6;
    %load/vec4 v0xb0c53b0c0_0;
    %store/vec4 v0xb0c5388c0_0, 0, 32;
    %jmp T_17.7;
T_17.4 ;
    %load/vec4 v0xb0c5392c0_0;
    %store/vec4 v0xb0c5388c0_0, 0, 32;
    %jmp T_17.7;
T_17.5 ;
    %load/vec4 v0xb0c53b840_0;
    %store/vec4 v0xb0c5388c0_0, 0, 32;
    %jmp T_17.7;
T_17.7 ;
    %pop/vec4 1;
    %load/vec4 v0xb0c5138e0_0;
    %nor/r;
    %flag_set/vec4 8;
    %jmp/0xz  T_17.8, 8;
    %load/vec4 v0xb0c5388c0_0;
    %store/vec4 v0xb0c538820_0, 0, 32;
    %jmp T_17.9;
T_17.8 ;
    %load/vec4 v0xb0c539720_0;
    %store/vec4 v0xb0c538820_0, 0, 32;
T_17.9 ;
    %jmp T_17;
    .thread T_17, $push;
    .scope S_0x101103d90;
T_18 ;
    %wait E_0xb0d4dde00;
    %pushi/vec4 0, 0, 1;
    %store/vec4 v0xb0c538e60_0, 0, 1;
    %load/vec4 v0xb0c539ae0_0;
    %dup/vec4;
    %pushi/vec4 3, 0, 3;
    %cmp/u;
    %jmp/1 T_18.0, 6;
    %dup/vec4;
    %pushi/vec4 5, 0, 3;
    %cmp/u;
    %jmp/1 T_18.1, 6;
    %jmp T_18.2;
T_18.0 ;
    %load/vec4 v0xb0c5394a0_0;
    %dup/vec4;
    %pushi/vec4 0, 0, 3;
    %cmp/u;
    %jmp/1 T_18.3, 6;
    %dup/vec4;
    %pushi/vec4 1, 0, 3;
    %cmp/u;
    %jmp/1 T_18.4, 6;
    %dup/vec4;
    %pushi/vec4 4, 0, 3;
    %cmp/u;
    %jmp/1 T_18.5, 6;
    %dup/vec4;
    %pushi/vec4 5, 0, 3;
    %cmp/u;
    %jmp/1 T_18.6, 6;
    %dup/vec4;
    %pushi/vec4 6, 0, 3;
    %cmp/u;
    %jmp/1 T_18.7, 6;
    %dup/vec4;
    %pushi/vec4 7, 0, 3;
    %cmp/u;
    %jmp/1 T_18.8, 6;
    %jmp T_18.9;
T_18.3 ;
    %load/vec4 v0xb0c538960_0;
    %or/r;
    %inv;
    %store/vec4 v0xb0c538e60_0, 0, 1;
    %jmp T_18.9;
T_18.4 ;
    %load/vec4 v0xb0c538960_0;
    %or/r;
    %store/vec4 v0xb0c538e60_0, 0, 1;
    %jmp T_18.9;
T_18.5 ;
    %load/vec4 v0xb0c538960_0;
    %parti/s 1, 0, 2;
    %store/vec4 v0xb0c538e60_0, 0, 1;
    %jmp T_18.9;
T_18.6 ;
    %load/vec4 v0xb0c538960_0;
    %parti/s 1, 0, 2;
    %inv;
    %store/vec4 v0xb0c538e60_0, 0, 1;
    %jmp T_18.9;
T_18.7 ;
    %load/vec4 v0xb0c538960_0;
    %parti/s 1, 0, 2;
    %store/vec4 v0xb0c538e60_0, 0, 1;
    %jmp T_18.9;
T_18.8 ;
    %load/vec4 v0xb0c538960_0;
    %parti/s 1, 0, 2;
    %inv;
    %store/vec4 v0xb0c538e60_0, 0, 1;
    %jmp T_18.9;
T_18.9 ;
    %pop/vec4 1;
    %jmp T_18.2;
T_18.1 ;
    %pushi/vec4 1, 0, 1;
    %store/vec4 v0xb0c538e60_0, 0, 1;
    %jmp T_18.2;
T_18.2 ;
    %pop/vec4 1;
    %jmp T_18;
    .thread T_18, $push;
    .scope S_0x101103d90;
T_19 ;
    %wait E_0xb0d4dddc0;
    %load/vec4 v0xb0c53a300_0;
    %flag_set/vec4 8;
    %jmp/0xz  T_19.0, 8;
    %load/vec4 v0xb0c539900_0;
    %store/vec4 v0xb0c53b8e0_0, 0, 32;
    %jmp T_19.1;
T_19.0 ;
    %load/vec4 v0xb0c538dc0_0;
    %flag_set/vec4 8;
    %jmp/0xz  T_19.2, 8;
    %load/vec4 v0xb0c53ac60_0;
    %store/vec4 v0xb0c53b8e0_0, 0, 32;
    %jmp T_19.3;
T_19.2 ;
    %load/vec4 v0xb0c53a080_0;
    %load/vec4 v0xb0c539e00_0;
    %or;
    %flag_set/vec4 8;
    %jmp/0xz  T_19.4, 8;
    %load/vec4 v0xb0c53a940_0;
    %store/vec4 v0xb0c53b8e0_0, 0, 32;
    %jmp T_19.5;
T_19.4 ;
    %load/vec4 v0xb0c513c00_0;
    %flag_set/vec4 8;
    %jmp/0xz  T_19.6, 8;
    %load/vec4 v0xb0c53a3a0_0;
    %store/vec4 v0xb0c53b8e0_0, 0, 32;
    %jmp T_19.7;
T_19.6 ;
    %load/vec4 v0xb0c538a00_0;
    %store/vec4 v0xb0c53b8e0_0, 0, 32;
T_19.7 ;
T_19.5 ;
T_19.3 ;
T_19.1 ;
    %jmp T_19;
    .thread T_19, $push;
    .scope S_0x1010f4c10;
T_20 ;
    %pushi/vec4 0, 0, 1;
    %store/vec4 v0xb0c53b980_0, 0, 1;
    %end;
    .thread T_20;
    .scope S_0x1010f4c10;
T_21 ;
    %delay 5000, 0;
    %load/vec4 v0xb0c53b980_0;
    %inv;
    %store/vec4 v0xb0c53b980_0, 0, 1;
    %jmp T_21;
    .thread T_21;
    .scope S_0x1010f4c10;
T_22 ;
    %pushi/vec4 0, 0, 32;
    %ix/load 4, 0, 0;
    %flag_set/imm 4, 0;
    %store/vec4a v0xb0c53bac0, 4, 0;
    %pushi/vec4 4294967295, 0, 32;
    %ix/load 4, 1, 0;
    %flag_set/imm 4, 0;
    %store/vec4a v0xb0c53bac0, 4, 0;
    %pushi/vec4 1, 0, 32;
    %ix/load 4, 2, 0;
    %flag_set/imm 4, 0;
    %store/vec4a v0xb0c53bac0, 4, 0;
    %pushi/vec4 15, 0, 32;
    %ix/load 4, 3, 0;
    %flag_set/imm 4, 0;
    %store/vec4a v0xb0c53bac0, 4, 0;
    %pushi/vec4 15, 0, 32;
    %ix/load 4, 4, 0;
    %flag_set/imm 4, 0;
    %store/vec4a v0xb0c53bac0, 4, 0;
    %pushi/vec4 100, 0, 32;
    %ix/load 4, 5, 0;
    %flag_set/imm 4, 0;
    %store/vec4a v0xb0c53bac0, 4, 0;
    %pushi/vec4 100, 0, 32;
    %ix/load 4, 6, 0;
    %flag_set/imm 4, 0;
    %store/vec4a v0xb0c53bac0, 4, 0;
    %pushi/vec4 101, 0, 32;
    %ix/load 4, 7, 0;
    %flag_set/imm 4, 0;
    %store/vec4a v0xb0c53bac0, 4, 0;
    %pushi/vec4 85, 0, 32;
    %ix/load 4, 8, 0;
    %flag_set/imm 4, 0;
    %store/vec4a v0xb0c53bac0, 4, 0;
    %pushi/vec4 85, 0, 32;
    %ix/load 4, 9, 0;
    %flag_set/imm 4, 0;
    %store/vec4a v0xb0c53bac0, 4, 0;
    %pushi/vec4 0, 0, 32;
    %ix/load 4, 10, 0;
    %flag_set/imm 4, 0;
    %store/vec4a v0xb0c53bac0, 4, 0;
    %pushi/vec4 111, 0, 32;
    %ix/load 4, 11, 0;
    %flag_set/imm 4, 0;
    %store/vec4a v0xb0c53bac0, 4, 0;
    %pushi/vec4 333, 0, 32;
    %ix/load 4, 12, 0;
    %flag_set/imm 4, 0;
    %store/vec4a v0xb0c53bac0, 4, 0;
    %pushi/vec4 4294967295, 0, 32;
    %ix/load 4, 13, 0;
    %flag_set/imm 4, 0;
    %store/vec4a v0xb0c53bac0, 4, 0;
    %pushi/vec4 666, 0, 32;
    %ix/load 4, 14, 0;
    %flag_set/imm 4, 0;
    %store/vec4a v0xb0c53bac0, 4, 0;
    %pushi/vec4 15, 0, 32;
    %ix/load 4, 15, 0;
    %flag_set/imm 4, 0;
    %store/vec4a v0xb0c53bac0, 4, 0;
    %pushi/vec4 888, 0, 32;
    %ix/load 4, 16, 0;
    %flag_set/imm 4, 0;
    %store/vec4a v0xb0c53bac0, 4, 0;
    %pushi/vec4 999, 0, 32;
    %ix/load 4, 17, 0;
    %flag_set/imm 4, 0;
    %store/vec4a v0xb0c53bac0, 4, 0;
    %pushi/vec4 5, 0, 32;
    %ix/load 4, 18, 0;
    %flag_set/imm 4, 0;
    %store/vec4a v0xb0c53bac0, 4, 0;
    %pushi/vec4 4294967292, 0, 32;
    %ix/load 4, 19, 0;
    %flag_set/imm 4, 0;
    %store/vec4a v0xb0c53bac0, 4, 0;
    %pushi/vec4 224, 0, 32;
    %ix/load 4, 20, 0;
    %flag_set/imm 4, 0;
    %store/vec4a v0xb0c53bac0, 4, 0;
    %pushi/vec4 1, 0, 32;
    %ix/load 4, 21, 0;
    %flag_set/imm 4, 0;
    %store/vec4a v0xb0c53bac0, 4, 0;
    %pushi/vec4 2000, 0, 32;
    %ix/load 4, 22, 0;
    %flag_set/imm 4, 0;
    %store/vec4a v0xb0c53bac0, 4, 0;
    %pushi/vec4 244, 0, 32;
    %ix/load 4, 23, 0;
    %flag_set/imm 4, 0;
    %store/vec4a v0xb0c53bac0, 4, 0;
    %pushi/vec4 240, 0, 32;
    %ix/load 4, 24, 0;
    %flag_set/imm 4, 0;
    %store/vec4a v0xb0c53bac0, 4, 0;
    %pushi/vec4 0, 0, 32;
    %ix/load 4, 25, 0;
    %flag_set/imm 4, 0;
    %store/vec4a v0xb0c53bac0, 4, 0;
    %pushi/vec4 2882396160, 0, 32;
    %ix/load 4, 26, 0;
    %flag_set/imm 4, 0;
    %store/vec4a v0xb0c53bac0, 4, 0;
    %pushi/vec4 4344, 0, 32;
    %ix/load 4, 27, 0;
    %flag_set/imm 4, 0;
    %store/vec4a v0xb0c53bac0, 4, 0;
    %pushi/vec4 0, 0, 32;
    %ix/load 4, 28, 0;
    %flag_set/imm 4, 0;
    %store/vec4a v0xb0c53bac0, 4, 0;
    %pushi/vec4 3, 0, 32;
    %ix/load 4, 29, 0;
    %flag_set/imm 4, 0;
    %store/vec4a v0xb0c53bac0, 4, 0;
    %pushi/vec4 2047, 0, 32;
    %ix/load 4, 30, 0;
    %flag_set/imm 4, 0;
    %store/vec4a v0xb0c53bac0, 4, 0;
    %pushi/vec4 2047, 0, 32;
    %ix/load 4, 31, 0;
    %flag_set/imm 4, 0;
    %store/vec4a v0xb0c53bac0, 4, 0;
    %pushi/vec4 1, 0, 1;
    %store/vec4 v0xb0c53bc00_0, 0, 1;
    %pushi/vec4 3, 0, 32;
T_22.0 %dup/vec4;
    %cmpi/s 0, 0, 32;
    %jmp/1xz T_22.1, 5;
    %jmp/1 T_22.1, 4;
    %subi 1, 0, 32;
    %wait E_0xb0d4ddec0;
    %jmp T_22.0;
T_22.1 ;
    %pop/vec4 1;
    %pushi/vec4 0, 0, 1;
    %store/vec4 v0xb0c53bc00_0, 0, 1;
    %pushi/vec4 400, 0, 32;
T_22.2 %dup/vec4;
    %cmpi/s 0, 0, 32;
    %jmp/1xz T_22.3, 5;
    %jmp/1 T_22.3, 4;
    %subi 1, 0, 32;
    %wait E_0xb0d4ddec0;
    %jmp T_22.2;
T_22.3 ;
    %pop/vec4 1;
    %pushi/vec4 0, 0, 32;
    %store/vec4 v0xb0c53ba20_0, 0, 32;
    %vpi_call/w 3 62 "$display", "================ Register file check ================" {0 0 0};
    %pushi/vec4 1, 0, 32;
    %store/vec4 v0xb0c53bb60_0, 0, 32;
T_22.4 ; Top of for-loop
    %load/vec4 v0xb0c53bb60_0;
    %cmpi/s 32, 0, 32;
	  %jmp/0xz T_22.5, 5;
    %ix/getv/s 4, v0xb0c53bb60_0;
    %load/vec4a v0xb0c513660, 4;
    %ix/getv/s 4, v0xb0c53bb60_0;
    %load/vec4a v0xb0c53bac0, 4;
    %cmp/ne;
    %jmp/0xz  T_22.7, 6;
    %vpi_call/w 3 72 "$display", "FAIL x%0d: got 0x%08h expected 0x%08h", v0xb0c53bb60_0, &A<v0xb0c513660, v0xb0c53bb60_0 >, &A<v0xb0c53bac0, v0xb0c53bb60_0 > {0 0 0};
    %load/vec4 v0xb0c53ba20_0;
    %addi 1, 0, 32;
    %store/vec4 v0xb0c53ba20_0, 0, 32;
    %jmp T_22.8;
T_22.7 ;
    %vpi_call/w 3 75 "$display", "PASS x%0d = 0x%08h", v0xb0c53bb60_0, &A<v0xb0c513660, v0xb0c53bb60_0 > {0 0 0};
T_22.8 ;
T_22.6 ; for-loop step statement
    %load/vec4 v0xb0c53bb60_0;
    %addi 1, 0, 32;
    %store/vec4 v0xb0c53bb60_0, 0, 32;
    %jmp T_22.4;
T_22.5 ; for-loop exit label
    %vpi_call/w 3 78 "$display", "=======================================================" {0 0 0};
    %load/vec4 v0xb0c53ba20_0;
    %cmpi/e 0, 0, 32;
    %jmp/0xz  T_22.9, 4;
    %vpi_call/w 3 80 "$display", "ALL CHECKS PASSED" {0 0 0};
    %jmp T_22.10;
T_22.9 ;
    %vpi_call/w 3 82 "$display", "%0d CHECK(S) FAILED", v0xb0c53ba20_0 {0 0 0};
T_22.10 ;
    %vpi_call/w 3 84 "$finish" {0 0 0};
    %end;
    .thread T_22;
    .scope S_0x1010f4c10;
T_23 ;
    %delay 10000000, 0;
    %vpi_call/w 3 90 "$display", "TIMEOUT - simulation did not finish" {0 0 0};
    %vpi_call/w 3 91 "$finish" {0 0 0};
    %end;
    .thread T_23;
    .scope S_0x1010f4c10;
T_24 ;
    %vpi_call/w 3 96 "$dumpfile", "wave.vcd" {0 0 0};
    %vpi_call/w 3 97 "$dumpvars", 32'sb00000000000000000000000000000000, S_0x1010f4c10 {0 0 0};
    %end;
    .thread T_24;
# The file index is used to find the file name in the following table.
:file_names 18;
    "N/A";
    "<interactive>";
    "-";
    "testbench.v";
    "cpu_pipe.v";
    "ex_mem_reg.v";
    "forwarding_unit.v";
    "hazard_detection_unit.v";
    "id_ex_reg.v";
    "if_id_reg.v";
    "mem_wb_reg.v";
    "alu.v";
    "decoder.v";
    "data_mem.v";
    "instruction_mem.v";
    "program_counter.v";
    "register_file.v";
    "sign_extend.v";
